,AllGroups,Replicate_Number,count,mean,std,min,1%,2.5%,5%,10%,25%,50%,75%,90%,95%,97.5%,99%,max
0,P6-10,7,1340.0,0.2169100386704847,0.07567441806767852,0.0097089210376902,0.09032088460960494,0.10604170837569214,0.11945755773378766,0.13838344680860037,0.1708590886808908,0.21159101770809918,0.25200981425219837,0.2891134014446874,0.3227560207737593,0.35228373378447314,0.5245482936261046,0.7912937594231472
1,P6-10,3,3154.0,0.10997762277201248,0.037025938695934846,0.0071730780783331,0.0481210304343008,0.054010913492106453,0.05960380152062787,0.06692313314967659,0.0832544799302048,0.1062227974757108,0.13106448472876953,0.15704335506198566,0.17522219398610417,0.19332209991290836,0.2119480509100341,0.3782167609395401
2,P6-10,5,3755.0,0.10082820599080561,0.03010600291414919,0.0294451687934069,0.0499154820071702,0.05480093894775874,0.05987159803288547,0.06706203631002414,0.07986504540685245,0.0971362179658296,0.117866316155737,0.13738168955824664,0.15059929974751546,0.16383317819736878,0.18301009747886027,0.3384230954792874
3,P6-10,6,5512.0,0.08170296960643995,0.02472061201397429,0.0106815339948298,0.037706629767512996,0.0421374492379131,0.0471398487564628,0.05316410593219687,0.06436122553189075,0.0786361470578377,0.0964131390462391,0.11421817590807526,0.12515277831357616,0.13563079200983516,0.14763402156812064,0.3174697198969284
4,P6-10,2,3620.0,0.12131183786887811,0.028410216700284194,0.0250812902712755,0.06498735743602675,0.07131062419333581,0.0792848668097283,0.08837210471263343,0.10231113377705431,0.11924291526564555,0.1373954412813694,0.15659185589709632,0.16993517214370715,0.18727051865260605,0.2083060955522611,0.2667760723733532
5,P6-10,4,3800.0,0.14435200848489163,0.044380322848766134,0.0125925236714301,0.06091162064007203,0.07183492826276829,0.0823709142338217,0.09359349887640545,0.11436055457987473,0.1399181461502346,0.16996121805381553,0.19971830408213226,0.21987763953223227,0.23825322243018493,0.26917779256321755,0.5404064413397618
6,P6-10,1,3033.0,0.1400480317767888,0.0474179539608491,0.0075659953852839,0.06044705668847552,0.06961632502346442,0.07812819057899692,0.08810255465944558,0.1057252960519968,0.1319410991806782,0.1673758765636669,0.20448158541565184,0.2266631119049016,0.24725907659696164,0.2671991805051636,0.5144526096022859
7,P11-13,1,1864.0,0.1213354342367351,0.04108981500177152,0.0127408343360611,0.04995857692017238,0.05802854165341523,0.06463546964308241,0.07567039291694212,0.09180865963699741,0.11696738070736179,0.14456287652192862,0.17559086478983776,0.1959640872849439,0.21350418924659248,0.22952932299261647,0.3822557840825625
8,P11-13,6,1725.0,0.07754994428285865,0.02402029755213847,0.0028820067010555,0.03298295796588006,0.0382519359670315,0.043005431086513696,0.04885572168944896,0.0606509184623512,0.0756581595516881,0.0921806566412414,0.10916246818543593,0.12083688000725269,0.1292944965270622,0.1445129668269473,0.2076126169343227
9,P11-13,4,1435.0,0.13366057262846812,0.04740433882734193,0.0061288917806779,0.05352051755405946,0.06291688914173836,0.07553790529750165,0.08539290855876429,0.10618474842930645,0.1289720317300937,0.15585071449389054,0.18474016972322682,0.20417367674702727,0.21882469903519036,0.2380685447139304,0.8423412415293493
10,P11-13,3,3719.0,0.11825371024201257,0.05323211644918941,0.0301084990387783,0.049055122121578504,0.05500855382613487,0.0604642182411786,0.06843300782432046,0.083163438442943,0.1043464137520641,0.13550356031903849,0.19216528541474354,0.22879681074213262,0.26268029794320663,0.2990409728036958,0.5732264280029702
11,P11-13,2,1682.0,0.13322227433501319,0.035354125906419,0.0120149736743629,0.06756307119357653,0.07701083176022072,0.08549743944753839,0.09276122900548114,0.109167976049643,0.12916698606691507,0.15167560909922304,0.1795913689190986,0.19846605415339252,0.21478543286545634,0.23600694782914397,0.3560523209356259
12,P11-13,7,1455.0,0.18398103652392245,0.06007962612577348,0.0488405602327155,0.07646600288031047,0.08820601456504414,0.10075914654684563,0.11596969284016079,0.1441334985001159,0.1753908305287672,0.2165976386871456,0.2579711850852922,0.2869563079440559,0.3091255715617826,0.3508183467596941,0.5991104129158277
13,P14-16,4,1439.0,0.115026699156059,0.037056520511858995,0.0062324372498721,0.04673097360763133,0.058691532991041614,0.06510980812959313,0.07271087049329927,0.08900178442267709,0.1097254670192606,0.134974812574259,0.1671862416629767,0.18247990398859276,0.19940227984276046,0.21614950298396948,0.3901681935861009
14,P14-16,1,1281.0,0.1283891030162395,0.044429065880767005,0.0051718270918069,0.04585556388619416,0.0585387328137585,0.0663625538883485,0.0774124165196804,0.0952683859107664,0.1236552121259642,0.1560829726436192,0.1904609544614996,0.2073189186199371,0.2258634569597178,0.24628103337990673,0.3160783162055505
15,P14-16,2,1908.0,0.11338858102830446,0.02856023544075591,0.0381481378473325,0.06133540941547475,0.06817422686064706,0.07426264489835793,0.08057976256220688,0.09369956422670155,0.11011280681357816,0.1296475836768884,0.1473462637188737,0.16184106990662386,0.17659439206318278,0.2018888341376296,0.4002574466261903
16,P14-16,7,1789.0,0.16055823380729858,0.056201617696949216,0.0068432680997384,0.06939751759814836,0.08159225985333457,0.0904665300530645,0.10098629017592202,0.1226329829801904,0.1517951473589651,0.1884500067361624,0.23155628871585265,0.25504036110022216,0.2772641768815432,0.3117862258687937,0.7610045080706731
17,P14-16,5,2180.0,0.07419033016252873,0.022585457548011067,0.0140666315140833,0.032264900699508145,0.03839593153410656,0.04314502214960596,0.048381554082345235,0.05804173945086673,0.07094494932236761,0.0866848066898219,0.10570625962814467,0.11730874310704288,0.12861041047035635,0.137744725294718,0.1674987384600632
18,P14-16,3,3538.0,0.1051308775711699,0.031916165657952654,0.0298465436607483,0.04682065004160054,0.053143289143458824,0.059399930074553145,0.06757535997052717,0.08320425507327744,0.1027987314141652,0.12375392207598242,0.14417827615865111,0.15640286359094535,0.17169273418116227,0.18884146028392865,0.424943822750521
19,P17-19,6,2111.0,0.06693350730062245,0.022176569002382136,0.0026684482310675,0.02600766490339158,0.030754885031295275,0.03618266210647355,0.0419839143889624,0.051763290207822846,0.0644282397930604,0.07887601178808029,0.0950071880649438,0.10843029690182285,0.1221157621548893,0.13549430229342857,0.1872251345220403
20,P17-19,1,687.0,0.11612522829820605,0.04872682277829669,0.0051529819353953,0.03332847090312871,0.04822400314957284,0.055829517112969435,0.0647451671617603,0.08059325886536745,0.1083005285102053,0.1439820792253631,0.18053020827899702,0.2094192167120983,0.23348203161091602,0.2653431884156614,0.3001881334414977
21,P17-19,4,1429.0,0.1024006562928799,0.038425296512237056,0.0048602672951208,0.028585181811884835,0.04344386909978182,0.05124337625010816,0.06082699257939648,0.0760894273816577,0.0974658817437903,0.1242645268898516,0.15039696606351916,0.17025000908749036,0.18664597315187662,0.2117949242329126,0.45755336243426
22,P17-19,3,2527.0,0.0859152055712377,0.029618258866570026,0.005569918015519,0.03665021074924798,0.043432143877977725,0.047274249292104435,0.0536545703004229,0.0654360209921453,0.0816704858596058,0.1018798782451922,0.12190189662281309,0.13609935750493762,0.1518545480091426,0.1758726484484331,0.4091689143312942
23,P17-19,2,1323.0,0.11846922561446153,0.03878527225810149,0.0072590108242195,0.0413846522950408,0.06118388273177238,0.06898152445219942,0.07887484887560882,0.0937293015257766,0.1130800876825367,0.13814925557332156,0.16479970984074582,0.18466749959225817,0.20243609927882192,0.22832928570487426,0.573877903080951
24,P17-19,5,796.0,0.057862190973561885,0.021625649342899022,0.0041716548577886,0.021641747101545483,0.025353429971120386,0.02947006468862695,0.0342752099014578,0.042953545363469944,0.0547250088792728,0.0684421533189537,0.08689148225189736,0.1007573256521352,0.10904499088320042,0.1185861641792707,0.1577357767535731
25,P17-19,7,1205.0,0.15515225762445115,0.060255026013905755,0.0055797827138379,0.05775698422797165,0.07088683165548283,0.07976406925242352,0.0919642603341877,0.1150472707223432,0.143220451069389,0.1823148917433063,0.23420210306080883,0.26603301031239535,0.29397337093782566,0.3507154729476705,0.6328331731382033
26,P20-22,7,1035.0,0.12276144650431622,0.04253376552578442,0.0053389950839756,0.05046103699640807,0.06145303194734082,0.06904686563614773,0.0755532249465852,0.09234707530229005,0.1158378837869721,0.1459553292318977,0.17595003449920849,0.20025951994517258,0.22877597865095448,0.25441371661940304,0.3141970564436094
27,P20-22,6,111.0,0.045628383811156366,0.019552178364201485,0.0025583511871517,0.0029671471097807503,0.01252833791070835,0.01910921000480165,0.024231056857198,0.03212939261128985,0.041763515712213,0.057414439361472,0.0724609303984558,0.08072390430538935,0.09233807147763785,0.09332334197059051,0.0951273834568361
28,P20-22,4,1942.0,0.14032867354107526,0.044812146995862445,0.0081810843991079,0.05585647465185501,0.06696001966677889,0.07467541900155351,0.08598547694169364,0.10847456406839961,0.1378259230026383,0.16733204934846496,0.19730375049114054,0.2173652165154288,0.24077384120064196,0.2611065902035995,0.3827535603249159
29,P20-22,5,2271.0,0.06878889264088084,0.021401694431924405,0.0167495073948015,0.03169098506849148,0.0363816021391957,0.0400405918545007,0.045026598324488,0.054642219112922746,0.0657353451117204,0.0794453093505658,0.0955518168942412,0.10611216601662005,0.11637484825862685,0.13159712357499292,0.2488259213489523
30,P20-22,2,749.0,0.11331263157155806,0.040417908327642,0.0037500465207369,0.024146562655106486,0.051222035225526395,0.06107473982281878,0.07082472120128933,0.0855559228746546,0.1079112630868761,0.1342162248438903,0.16440509371052509,0.19067717142801835,0.20644796820539732,0.22708516674527152,0.3677672035884641
31,P20-22,3,1224.0,0.07556370203240387,0.025131216887995283,0.002917362510648,0.02893280640501053,0.03609023695794195,0.040375435664234884,0.04603611736457776,0.05792745181985942,0.0729110632062871,0.08955370491717421,0.10908828582829107,0.12310503598051399,0.13250717307431373,0.1454851448191152,0.1775336531137281
32,P23-25,5,2814.0,0.06737604464270557,0.02238431056062876,0.0127378965825743,0.02316240460668642,0.029105467456224315,0.03494279608061508,0.04253112240444367,0.053450576102901604,0.06576792540280745,0.07861617102547175,0.09309473340656324,0.10438660865777308,0.11702723634724892,0.13074179165973907,0.330211554108712
33,P23-25,6,1145.0,0.05932247986591857,0.019419381497809307,0.0025155129303254,0.019421193578809524,0.02416145068737356,0.03107696815928836,0.03661695492304354,0.0464343277250266,0.0577596606998005,0.0708970549351944,0.08444679448454664,0.09437685890048693,0.10168782411637256,0.11450947609278107,0.1502806505540621
34,P23-25,4,2402.0,0.12128560695638943,0.04304165783736598,0.0057569601050167,0.0328964438374383,0.04897106151643599,0.05967109150956708,0.07247692064941648,0.09166338366661525,0.1162553688312302,0.14633234594575564,0.17861283414807502,0.1994676042133255,0.21988148229866603,0.23778229151950822,0.3639941941241266
35,P23-25,7,535.0,0.17145842392702088,0.07519626904152496,0.0121629032980346,0.06560387896659328,0.07200065954530524,0.07920224547013532,0.09049267092692931,0.12480277192036246,0.1609344737017151,0.2029391348563688,0.25543738996536575,0.299150141295344,0.3451105731144136,0.4387872288482557,0.8076621672362014
36,P26-28,6,418.0,0.057255711333049165,0.017804899752447572,0.0063149250727647,0.022637210104621382,0.028109244679028433,0.03264280748917686,0.03839725106176122,0.045409179253406276,0.055008343683543556,0.06649042709521981,0.08084895590817438,0.08880329214658701,0.09973862080112525,0.10652353556621971,0.1322479668287874
37,P26-28,7,498.0,0.11042974345307519,0.036676893621473944,0.0146610207505581,0.05013944689986721,0.05926889057376787,0.06447019492253565,0.07253074572912148,0.08392719624646434,0.10580969247448194,0.12873482290641802,0.15747240647040445,0.17559957010037325,0.19779701843433317,0.2282484117506212,0.2813109649554302
38,P26-28,5,44.0,0.057113864529771054,0.020519246149411433,0.0052834282431585,0.014203263910959123,0.026335851097278935,0.030580078453218116,0.03399721689120106,0.043703887176762775,0.057682432788736956,0.06841508204028017,0.07618165806792113,0.09445041928778432,0.10250765232751195,0.1103453375641207,0.1157876221452852
39,P29+,5,199.0,0.04646151557476214,0.018878496991026363,0.0025007127750907,0.0032874994610678477,0.013936277049563876,0.022042988768095902,0.02924716818820278,0.0357342823260872,0.0432116969842311,0.0534839873878774,0.06660668748259706,0.08111797696192934,0.08933977211556281,0.12045154076944317,0.1336387205747375
40,P29+,6,6.0,0.04625023751319778,0.020719249963585273,0.0231323991328607,0.02350430831863629,0.024062172097299675,0.02499194506173865,0.0268514909906166,0.03271668230235015,0.0402880391551975,0.06275038343013448,0.07161118239377925,0.07248670091159787,0.07292446017050719,0.07318711572585276,0.0733622194294165
41,P29+,7,58.0,0.10360905309257502,0.04186044109578178,0.0060991289921551,0.02352955868700163,0.04327801787119082,0.054319453030927445,0.06047280642326573,0.07748230922069797,0.0983965089826917,0.12148162626817872,0.162418495117038,0.17964566420340938,0.20684506807455638,0.21967075659651814,0.2290911648085857
42,Doxo,5,104.0,0.040810811965561654,0.015570150551952875,0.0026266020503497,0.0043673897856325,0.012071543781083577,0.019360803078608192,0.024600285619045894,0.030975564322135125,0.0390910834144963,0.04915386560325062,0.05882678143232744,0.06863550453131019,0.07201135209694362,0.08753243110677111,0.0949517046336922
43,Doxo,6,354.0,0.04691457906199077,0.0177024954668392,0.0025818142399208,0.012745086604932454,0.02143144499378453,0.025088132800326925,0.02901783763340085,0.0354322237794682,0.04460634459504795,0.05550869811628242,0.07081446153931703,0.08094616372242813,0.09120784371165717,0.10223454208198114,0.1234128632938205
44,Doxo,7,136.0,0.09963695022917662,0.04183406524515392,0.0030308593928966,0.0032617098009767452,0.00529480544356415,0.054985059277447824,0.06598739808815715,0.07809985039236977,0.0935355144429838,0.11305766854217697,0.15428319808155255,0.17489629191445702,0.19399740735533688,0.234518381573388,0.2835068601680893
