AllGroups,Plate_Number,Cell_Unique_ID,Number_Object_Number,Image_FileName_MitoTracker_MAX,Parent_Nuclei,PassageNumber,Original_Index,AreaShape_Area,Metadata_RowColFieldCode,MitoEnds_NumberBranchEnds_PerCell_Area,MitoEnds_NumberNonTrunkBranches_PerCell_Area,MitoEnds_NumberTrunks_PerCell_Area,MitoEnds_TotalObjectSkeltnLngth_PerCell_Area,MitoEnds_Math_Total_NumberBranchEnds_MitoSkeleton,MitoEnds_Math_Total_NumberNonTrunkBranches_MitoSkeleton,MitoEnds_Math_Total_NumberTrunks_MitoSkeleton,MitoEnds_Math_TotalObjectSkeltnLngth_MitoSkeleton,Children_MitoEnds_Count,Children_Mitochondria_Count,OccupiedAreaFraction_Mitochondria_PerCell_Area,Mean_Mitochondria_Area_PerCell_Area,Mean_Mitochondria_MaxMinFeret_DiameterRatio_PerCell,Mean_Mitochondria_AreaShape_Area,Density_Children_Mitochondria_Count_PerCell_Area,Mean_Mitochondria_AreaShape_Solidity,Mean_Mitochondria_AreaShape_Eccentricity
Doxo,6.0,1,1,MAX_ch2-r01c04f15.tif,1,18,1,160855.0,r01c04f15,0.0007273631531503528,0.0005905940132417394,0.001995586086848404,0.01802998724991954,117.0,94.99999999999999,321.0,2900.213599085808,297,172,0.12284977153336857,0.0007142428577521428,1.9406129262892282,114.88953488372093,0.0010692860029218863,0.809456095023303,0.7789525851302497
Doxo,6.0,3,1,MAX_ch2-r01c04f19.tif,1,18,3,256708.0,r01c04f19,0.00023762407092883727,0.0004129205166960126,0.001714009691945713,0.017622094087849836,60.99999999999996,106.0,440.0000000000001,4523.732529103756,413,190,0.1219946398242361,0.0006420770517065057,2.6618952269676486,164.82631578947368,0.0007401405487947395,0.8013413033633612,0.837269103004165
Doxo,6.0,66,2,MAX_ch2-r01c07f14.tif,2,18,61,75832.0,r01c07f14,0.00011868340542251288,0.0005011077117839434,0.0013714526848823713,0.013604494149120988,8.999999999999996,37.99999999999999,103.99999999999999,1031.6560003161428,92,38,0.11185251608819495,0.0029434872654788146,2.4301254061151845,223.21052631578948,0.0005011077117839434,0.7808900964477659,0.7912878478625606
P32-35,6.0,117,1,MAX_ch2-r02c03f07.tif,1,34,108,90364.0,r02c03f07,0.0008631756009030145,0.0014275596476472931,0.0033199061573192866,0.033841970845773964,78.0,129.0,300.0,3058.0958535075188,265,114,0.21319330706918685,0.0018701167286770777,2.056776789097382,168.99122807017545,0.001261564339781329,0.7925511499585053,0.8229720153816591
P32-35,6.0,118,1,MAX_ch2-r02c03f13.tif,1,34,109,573284.0,r02c03f13,0.0005076018169005241,0.0005791195986631408,0.0021368117721757454,0.021810339056539986,291.00000000000006,332.0,1225.0,12503.518415689468,1150,604,0.14260122382623622,0.00023609474143416591,2.4481989090636698,135.34933774834437,0.0010535790288931839,0.8071192819377855,0.8346228217114029
Doxo,6.0,1016,5,MAX_ch2-r03c02f21.tif,5,12,982,114964.0,r03c02f21,0.0009046310149264116,0.0008611391392087958,0.0025921157927699112,0.02246701398469773,103.99999999999999,99.0,298.00000000000006,2582.8977957367897,273,167,0.13295466406875198,0.0007961357129865387,2.302697804112377,91.52694610778444,0.0014526286489683726,0.8019573802913325,0.8449623049134577
P13-15,6.0,2092,13,MAX_ch2-r03c10f22.tif,12,14,2028,79104.0,r03c10f22,0.0005941545307443365,0.0014664239482200647,0.002073220064724919,0.03221972312998256,46.99999999999999,116.0,164.0,2548.70897847414,150,58,0.17144518608414236,0.002955951484209351,2.5800178839665744,233.8275862068965,0.0007332119741100323,0.7600832235454554,0.8439366724672286
P13-15,6.0,2122,1,MAX_ch2-r03c10f27.tif,1,14,2058,183008.0,r03c10f27,0.0006010666200384683,0.0004808532960307746,0.0022239464941423326,0.020366408592987297,110.0,88.0,407.0,3727.215703785419,365,211,0.12372683161391852,0.0005863830882176233,2.545179658327835,107.3127962085308,0.001152955062073789,0.7773756318933313,0.8582659245495954
P13-15,6.0,2200,21,MAX_ch2-r03c10f30.tif,21,14,2134,24576.0,r03c10f30,0.0016276041666666667,0.0014241536458333333,0.0036214192708333335,0.04299903622450074,40.0,35.0,89.0,1056.7443142533302,80,44,0.228271484375,0.00518798828125,2.387697634659986,127.5,0.0017903645833333333,0.7561164510108965,0.8574222510515651
Doxo,6.0,2755,1,MAX_ch2-r04c02f02.tif,1,12,2675,94452.0,r04c02f02,0.0019374920594587726,0.0015563460805488503,0.004182018379706094,0.03676384618259802,183.0,147.0,395.0,3472.418799638748,342,214,0.21731673230847415,0.0010154987491050194,1.9829516181361635,95.91588785046729,0.0022657010968534282,0.78644233794673,0.808874429154443
Doxo,6.0,2761,2,MAX_ch2-r04c02f04.tif,2,12,2681,49264.0,r04c02f04,0.00010149399155569982,0.003247807729782397,0.002232867814225398,0.04197579772780568,4.9999999999999964,160.0,110.0,2067.895699262619,96,20,0.2485181877232868,0.012425909386164339,1.4960226777009513,612.15,0.0004059759662227996,0.8657561947492157,0.665024875612161
Doxo,6.0,2781,5,MAX_ch2-r04c02f30.tif,4,12,2700,56304.0,r04c02f30,0.00024865018471156565,0.0017050298380221656,0.002042483660130719,0.028602239815822612,13.999999999999991,96.00000000000001,115.0,1610.4205105900764,103,27,0.18602585961921,0.006889846652563333,2.1634148906431387,387.9259259259259,0.00047953964194373403,0.8073567974240968,0.8214960914630411
Doxo,6.0,2783,7,MAX_ch2-r04c02f30.tif,6,12,2702,62624.0,r04c02f30,0.0015489269289729174,0.0012295605518650994,0.0041198262646908535,0.03636011021096577,96.99999999999999,76.99999999999999,258.0,2277.01554185152,221,119,0.20972789984670415,0.001762419326442892,2.1266285106206606,110.36974789915966,0.0019002299437915176,0.7367513806331032,0.8404697831062818
Doxo,6.0,2797,6,MAX_ch2-r04c02f39.tif,6,12,2716,200396.0,r04c02f39,0.001586858021118186,0.001756522086269187,0.0044362162917423505,0.047183907261751194,318.0,352.0,889.0,9455.466279625893,785,408,0.24194594702489072,0.0005930047721198302,2.3642761855393015,118.83578431372548,0.0020359687818120122,0.7399013285250876,0.8688508211198268
P32-35,6.0,2804,1,MAX_ch2-r04c03f04.tif,1,34,2723,299091.0,r04c03f04,0.0008091182951008222,0.001584801949908222,0.003065956514906834,0.04192603038661625,242.0,474.0,916.9999999999999,12539.698354363441,826,348,0.23382515689204958,0.0006719113703794529,2.6070037117288796,200.96264367816093,0.0011635254822110997,0.7700594444003339,0.8678515861734526
P32-35,6.0,2808,2,MAX_ch2-r04c03f09.tif,2,34,2727,73612.0,r04c03f09,0.0011139488126935826,0.002187143400532522,0.0028256262565885997,0.050715833296693165,82.0,161.0,208.0,3733.293920636177,181,65,0.26396511438352444,0.004061001759746529,2.9373063748781987,298.9384615384615,0.0008830082051839375,0.7647584985047199,0.877440032437749
P13-15,6.0,4097,13,MAX_ch2-r04c10f03.tif,12,14,3971,53776.0,r04c10f03,0.001766587325200833,0.0018595656054745612,0.004109639988098782,0.046565813591830686,95.0,100.0,221.00000000000006,2504.123191714287,187,96,0.24629946444510561,0.0025656194213031836,2.1526002496290935,137.96875,0.0017851829812555787,0.7666830322087228,0.8075983665247456
P13-15,6.0,4842,9,MAX_ch2-r04c11f14.tif,9,13,4687,86768.0,r04c11f14,0.0008182740180711784,0.0009680988382813941,0.002800571639314033,0.0324103012997001,71.0,84.0,243.00000000000003,2812.1770231723785,214,115,0.18339710492347408,0.001594757434117166,2.6458671196075785,138.37391304347827,0.0013253734095519086,0.7771619711042709,0.8480014376674843
Doxo,6.0,5063,6,MAX_ch2-r05c02f02.tif,4,12,4905,45652.0,r05c02f02,0.0007228598966091299,0.0013581004118110927,0.0017085779374397616,0.02611302566326731,33.0,62.0,78.0,1192.1118475794792,73,25,0.15830631735739945,0.0063322526942959775,2.0400475672316327,289.08,0.0005476211337947954,0.7852772889665869,0.8263366102648406
Doxo,6.0,5115,2,MAX_ch2-r05c02f08.tif,3,12,4956,502325.0,r05c02f08,0.0014333349922858707,0.00190115960782362,0.003937689742696461,0.045713707626723235,720.0,954.9999999999999,1978.0,22963.13818359375,1739,833,0.2543194147215448,0.00030530541983378733,2.2860097218878592,153.3625450180072,0.0016582889563529588,0.7761027581570002,0.8278793871409337
Doxo,6.0,5161,1,MAX_ch2-r05c02f23.tif,1,12,4997,724383.0,r05c02f23,0.0007054279297001722,0.0010712565038108292,0.002661575437303194,0.033861522054585286,510.9999999999999,775.9999999999999,1927.9999999999995,24528.710930466652,1755,836,0.19483615711577992,0.00023305760420547835,2.686779550927711,168.82296650717703,0.0011540856149302233,0.7773803502001667,0.8505695713985041
P13-15,6.0,6652,1,MAX_ch2-r05c10f12.tif,1,14,6430,81008.0,r05c10f12,0.0018269800513529525,0.001148034761998815,0.0038514714596089277,0.03228104245208267,147.99999999999997,93.0,312.0,2615.022686958313,285,183,0.17118062413588783,0.0009354132466441958,2.4065867859625483,75.77595628415301,0.002259036144578313,0.7651131417384641,0.8665863011338477
P13-15,6.0,7172,3,MAX_ch2-r05c10f26.tif,3,14,6926,142436.0,r05c10f26,0.0005967592462579685,0.0011092701283383413,0.002176416074587885,0.028409294354513556,85.0,158.0,310.0,4046.506250679493,256,98,0.17504703866999916,0.0017861942721428487,2.8862289293160823,254.4183673469388,0.0006880283074503637,0.7876323096192835,0.830710098206112
P13-15,6.0,7221,8,MAX_ch2-r05c10f29.tif,7,14,6974,31128.0,r05c10f29,0.0017668979696736059,0.0008673862760215881,0.004047802621434078,0.030150312056228333,55.0,26.999999999999996,126.0,938.5189136862756,111,76,0.17877794911333847,0.002352341435701822,2.5140496710682902,73.22368421052632,0.002441531739912619,0.7728656807096964,0.865755510998691
P13-15,6.0,7378,2,MAX_ch2-r05c11f01.tif,2,13,7127,43488.0,r05c11f01,0.001333701250919794,0.0018855776306107431,0.003242273730684327,0.04102718140148696,57.99999999999999,82.0,141.0,1784.1900647878647,120,49,0.21615158204562182,0.004411256776441262,2.5313868279603704,191.8367346938776,0.001126747608535688,0.8228274709577936,0.8242981792844475
P13-15,6.0,7614,2,MAX_ch2-r05c11f22.tif,2,13,7358,60136.0,r05c11f22,9.977384594918182e-05,0.0009644805108420913,0.0013469469203139554,0.021907638560683704,5.999999999999998,58.0,81.00000000000001,1317.4377524852753,69,19,0.1460855394439271,0.007688712602311953,2.994214978526433,462.3684210526316,0.0003159505121724092,0.7662636548900366,0.7921760721671943
P13-15,6.0,7623,2,MAX_ch2-r05c11f21.tif,2,13,7367,94124.0,r05c11f21,0.001328035357613361,0.0014130296205006163,0.0037078747184565034,0.036239584912876266,124.99999999999999,133.0,348.99999999999994,3411.0146903395657,323,170,0.20339127108920152,0.0011964192417011853,2.07570337445584,112.61176470588236,0.0018061280863541712,0.7638739648657679,0.830162895499918
Doxo,6.0,7848,8,MAX_ch2-r06c02f03.tif,7,12,7588,210967.0,r06c02f03,0.0014694241279441808,0.0018723307436708113,0.004052766546426692,0.046597926667479014,310.0,395.00000000000006,855.0,9830.624795258045,720,335,0.24195253286058957,0.0007222463667480286,2.3926764629220547,152.37014925373134,0.0015879260737461309,0.7478613136476231,0.8554755135090859
Doxo,6.0,7851,1,MAX_ch2-r06c02f10.tif,1,12,7591,191411.0,r06c02f10,0.001076218190177158,0.001070993830030667,0.003515994378588482,0.03279248016046534,205.99999999999997,204.99999999999997,672.9999999999999,6276.841419994831,606,336,0.1872097214893606,0.0005571717901469065,2.4575460671740075,106.64880952380952,0.0017553850092209956,0.7832563914881208,0.8528460321312723
Doxo,6.0,7875,1,MAX_ch2-r06c02f31.tif,1,12,7611,95040.0,r06c02f31,0.0014730639730639729,0.0030303030303030303,0.003914141414141414,0.05922182614190711,139.99999999999997,288.0,372.0,5628.442356526852,322,126,0.3013573232323232,0.0023917247875581207,2.2075895300045367,227.3095238095238,0.0013257575757575758,0.7667846496320984,0.807668977785315
P32-35,6.0,7889,1,MAX_ch2-r06c03f31.tif,1,34,7625,254179.0,r06c03f31,0.000420963179491618,0.0008773344768844003,0.0025375817829167632,0.031500963634785585,106.99999999999997,222.99999999999997,645.0,8006.883435726166,595,255,0.20551265053367904,0.0008059319628771727,2.8454350729184212,204.85098039215688,0.0010032300071996507,0.7969956619304907,0.8423848505513106
Doxo,6.0,9535,1,MAX_ch2-r07c02f02.tif,2,12,9200,689810.0,r07c02f02,0.0011307461474898883,0.001509111204534582,0.0031863846566445833,0.03966114212137664,779.9999999999999,1041.0,2198.0,27358.652446746823,1989,968,0.21670604949188907,0.0002238698858387284,2.3280282642055634,154.42768595041323,0.001403284962525913,0.7744286212705693,0.8361750175048192
Doxo,6.0,9582,3,MAX_ch2-r07c02f29.tif,3,12,9246,128872.0,r07c02f29,3.879818734868707e-05,0.0,0.00020175057421317275,0.0004755437297338257,5.0,0.0,26.0,61.284271538257585,26,17,0.0042134831460674165,0.00024785194976867153,2.469213629344891,31.94117647058824,0.00013191383698553602,0.8325543736891741,0.8154659768616332
P13-15,6.0,10785,4,MAX_ch2-r07c10f03.tif,3,14,10417,65104.0,r07c10f03,0.0005376013762595232,0.0011980830670926517,0.0021350454657163924,0.029200203086870487,35.0,78.0,139.0,1901.0500217676163,125,53,0.18505775374784963,0.003491655731091502,2.2982888312881857,227.32075471698116,0.0008140820840501352,0.7810806064064568,0.8438720306539957
P13-15,6.0,10937,5,MAX_ch2-r07c10f17.tif,5,14,10563,29728.0,r07c10f17,0.0005718514531754575,0.0013118945102260494,0.0023210441334768567,0.03376386303603007,17.0,39.0,69.0,1003.732120335102,60,20,0.19846609257265876,0.009923304628632938,2.4366524593855394,295.0,0.0006727664155005383,0.7732604173453861,0.83919562019063
P13-15,6.0,11159,3,MAX_ch2-r07c10f33.tif,3,14,10773,50944.0,r07c10f33,0.0003729585427135677,0.001354428391959799,0.002610709798994975,0.04034762273556623,18.999999999999993,69.0,133.0,2055.469292640686,116,41,0.22795618718592964,0.005559907004534869,2.795314233963653,283.2439024390244,0.0008048052763819096,0.7300104029648563,0.8668993223668023
P13-15,6.0,11521,4,MAX_ch2-r07c11f26.tif,4,13,11113,42224.0,r07c11f26,0.00011841606669192871,0.0010894278135657445,0.0017051913603637742,0.02837177235160239,4.999999999999998,46.0,72.0,1197.9697157740593,69,22,0.18219496021220158,0.008281589100554617,2.86435330430953,349.6818181818182,0.0005210306934444865,0.8029951951356654,0.9083016594896168
P13-15,2.0,13213,7,MAX_ch2-r02c05f15.tif,7,13,12782,61847.0,r02c05f15,0.0005497437224117579,0.00043656119132698423,0.0022798195547075848,0.0177879135629914,33.99999999999999,26.999999999999993,141.0,1100.1290901303291,124,70,0.11282681455850728,0.001611811636550104,2.2397474213666477,99.68571428571428,0.0011318253108477372,0.7874814752405279,0.8464586008982371
P13-15,2.0,15980,1,MAX_ch2-r04c04f02.tif,2,15,15526,178388.0,r04c04f02,0.0005717873399556023,0.0005381527905464493,0.0022254860192389625,0.022154694160829814,101.99999999999999,96.0,397.0,3952.1315819621086,358,192,0.13475682220777183,0.0007018584489988116,2.920274753127663,125.203125,0.0010763055810928987,0.7934608815747458,0.8619397225862073
P13-15,2.0,18013,5,MAX_ch2-r05c05f24.tif,5,13,17542,122288.0,r05c05f24,0.0005969514588512363,0.0008913384796545859,0.0028375637838545073,0.029869560304364814,72.99999999999999,109.0,347.0,3652.6887905001645,315,142,0.1826099044877666,0.0012859852428715958,2.1773233902968068,157.2605633802817,0.0011611932487243229,0.7518563567881651,0.838029371824234
P13-15,2.0,19201,4,MAX_ch2-r06c04f01.tif,4,15,18722,134649.0,r06c04f01,0.0003787625604349085,0.0009877533438792713,0.0023171356638370874,0.02866175518727228,50.99999999999999,133.0,312.0,3859.2766742110252,280,116,0.1848287027753641,0.001593350885994518,2.4283073105484814,214.54310344827587,0.0008614991570676351,0.791900965344796,0.8208293641148454
P13-15,2.0,19748,1,MAX_ch2-r06c05f19.tif,1,13,19263,62952.0,r06c05f19,0.0005718642775447959,0.0006989452281103061,0.0018267886643792098,0.02175695473731344,35.99999999999999,43.99999999999999,115.00000000000001,1369.6438146233559,106,53,0.13356207904435125,0.0025200392272519104,2.5383924376162796,158.64150943396226,0.0008419112974965053,0.7974506280605383,0.8429441524073199
P32-35,7.0,21611,4,MAX_ch2-r04c03f10.tif,4,33,21103,195928.0,r04c03f10,0.0008166265158629701,0.001868033155036544,0.003098076844555143,0.0431626967486154,160.0,366.0,607.0,8456.780848562717,527,184,0.2510360948920011,0.0013643266026739191,2.454238476585863,267.3097826086956,0.0009391204932424155,0.7523531824034676,0.8430686884878464
P32-35,7.0,21614,2,MAX_ch2-r04c03f14.tif,2,33,21105,250720.0,r04c03f14,0.00016751754945756208,0.0002752074026802807,0.0016033822590938095,0.013246955423501164,41.999999999999964,68.99999999999997,401.99999999999994,3321.276663780212,393,210,0.11760928525845565,0.0005600442155164555,2.2795388744317315,140.4142857142857,0.0008375877472878112,0.8295324006902999,0.7798556458357777
Doxo,7.0,21623,1,MAX_ch2-r04c01f08.tif,1,19,21113,230428.0,r04c01f08,0.0015319318832780738,0.0016317461419619141,0.004053326852639436,0.04024625152749375,353.0,375.99999999999994,933.9999999999999,9273.86324697733,831,441,0.2521004391827382,0.000571656324677411,2.1495174773441534,131.72562358276645,0.0019138299165032027,0.7816710897157046,0.8201216597417925
Doxo,7.0,21639,2,MAX_ch2-r04c01f22.tif,1,19,21128,148232.0,r04c01f22,0.0001686545415294943,0.0006004101678449997,0.001747261050245561,0.021488721747693423,25.0,89.0,259.0,3185.3162021040916,246,105,0.14594014787630202,0.0013899061702504953,2.594886822287972,206.02857142857144,0.0007083490744238761,0.7870820609818953,0.8415802695780499
P13-15,7.0,22786,8,MAX_ch2-r04c11f03.tif,8,13,22264,63648.0,r04c11f03,0.0005498994469582704,0.0011469331322272497,0.0027023629964806435,0.03141021266178818,34.99999999999999,72.99999999999999,172.0,1999.197215497494,156,59,0.18016277023629965,0.0030536062751915197,2.1913164591524383,194.35593220338984,0.0009269733534439416,0.7579532502735589,0.8438870809042907
P13-15,7.0,22809,4,MAX_ch2-r04c11f04.tif,4,13,22286,66548.0,r04c11f04,0.00010518723327522987,0.00046582917593316096,0.001247220051692012,0.01599279423133179,6.999999999999997,30.999999999999996,83.00000000000001,1064.288470506668,75,30,0.11818536995852619,0.003939512331950873,2.416577951087532,262.1666666666667,0.00045080242832241387,0.7990360439394611,0.8276582330078536
P13-15,7.0,22955,3,MAX_ch2-r04c11f27.tif,4,13,22424,83928.0,r04c11f27,0.0005719187875321704,0.0005123439138309025,0.002204270326946907,0.02085101520517468,47.99999999999999,42.999999999999986,185.0,1749.9840041399004,173,91,0.13419836049947573,0.001474707258235997,2.6054030233379573,123.76923076923076,0.0010842627013630732,0.7891150374276843,0.8735926444435527
Doxo,7.0,23139,1,MAX_ch2-r05c01f12.tif,1,19,22600,774208.0,r05c01f12,0.0009041497892039349,0.0007000702653550464,0.003048276432173267,0.02536312699069415,700.0,541.9999999999998,2360.000000000001,19636.335821211338,2227,1317,0.1881639042737869,0.00014287312397402195,2.2660280748986303,110.61351556567958,0.0017010932462594032,0.8229238563538662,0.8211870557361697
Doxo,7.0,23148,2,MAX_ch2-r05c01f19.tif,2,19,22609,514106.0,r05c01f19,0.0007235861865062846,0.000982287699423854,0.002553948018502021,0.03065144453739773,371.99999999999994,504.9999999999999,1313.0,15758.091545343397,1229,609,0.19049378921856586,0.0003127976834459209,2.4470861189804016,160.81116584564862,0.00118458061178045,0.7819138068576111,0.8358010269436897
Doxo,7.0,23154,1,MAX_ch2-r05c01f27.tif,1,19,22614,849872.0,r05c01f27,0.0005906771843289341,0.0005200783176760735,0.0019132292862925238,0.02029107114143067,501.9999999999999,441.9999999999999,1625.9999999999998,17244.813213109966,1576,921,0.129911327823484,0.00014105464475948318,2.7372540178844695,119.8783930510315,0.0010836926031214111,0.8075404379182611,0.852078981242912
Doxo,7.0,23160,1,MAX_ch2-r05c01f33.tif,2,19,22619,965797.0,r05c01f33,0.00048560929470685855,0.00036757206742203577,0.0019838537498045655,0.016521789333746102,468.9999999999999,354.9999999999999,1915.9999999999998,15956.694573163984,1838,1090,0.11992789374992882,0.00011002559059626497,2.392326021013379,106.26238532110092,0.0011286015591268144,0.8160724072728552,0.8297444072839307
P32-35,7.0,23182,1,MAX_ch2-r05c02f07.tif,2,34,22641,213076.0,r05c02f07,0.0002909759897876813,0.0005021682404400306,0.001473652593440838,0.015628676408704842,61.99999999999998,106.99999999999997,314.0,3330.095854461193,299,146,0.11864780641648989,0.0008126562083321226,2.3989178209079225,173.15753424657535,0.0006852015243387336,0.8290900792378094,0.8358969158774917
P32-35,7.0,23188,1,MAX_ch2-r05c02f21.tif,1,34,22647,121352.0,r05c02f21,0.0011042257235150633,0.001508009756740721,0.004037840332256575,0.04071813440790864,133.99999999999997,182.99999999999997,489.9999999999999,4941.2270466685295,427,203,0.2714664776847518,0.0013372732890874473,2.4907068009306887,162.2807881773399,0.0016728195662205814,0.790869047190963,0.839077398653918
P32-35,7.0,23194,1,MAX_ch2-r05c02f24.tif,1,34,22650,213472.0,r05c02f24,0.0012085894168790286,0.001452181082296507,0.0037381951731374615,0.041452455058640286,258.0,309.99999999999994,798.0000000000002,8848.938486278059,706,353,0.24496889521810822,0.000693962875971978,2.625835074989114,148.1416430594901,0.0016536126517763454,0.7883621438423584,0.8725768261378624
P32-35,7.0,23197,1,MAX_ch2-r05c02f25.tif,1,34,22652,1008243.0,r05c02f25,0.0006109638251889674,0.000446320976193239,0.0026094899741431385,0.018176358759381298,616.0,449.99999999999983,2631.0000000000005,18326.186484634876,2418,1377,0.14412795328110387,0.0001046680851714625,2.334318425793149,105.53086419753086,0.0013657421871513117,0.82301670632872,0.8511265849186223
P32-35,7.0,23227,3,MAX_ch2-r05c03f04.tif,3,33,22677,185988.0,r05c03f04,0.001242015613910575,0.001129105103555068,0.00353248596683657,0.03342741652581272,231.0,209.99999999999997,657.0,6217.098344802856,597,337,0.2034862464245005,0.0006038167549688442,2.313901850926723,112.3026706231454,0.0018119448566574188,0.7865225968599713,0.8443600974514389
P32-35,7.0,23235,2,MAX_ch2-r05c03f08.tif,2,33,22685,99232.0,r05c03f08,0.0006651080296678491,0.0006751854240567558,0.0029022895840051595,0.025663771250029027,66.0,66.99999999999999,288.0,2546.6673486828804,259,127,0.16344525959367948,0.001286970547981728,2.2840102608160633,127.70866141732284,0.001279829087391164,0.7763368635122635,0.8463220182731819
P32-35,7.0,23248,1,MAX_ch2-r05c03f10.tif,1,33,22698,72085.0,r05c03f10,8.323506970937082e-05,0.0003329402788374835,0.0009572033016577652,0.011361236793700373,5.999999999999996,23.999999999999996,69.0,818.9747542738913,68,29,0.079295276409794,0.002734319876199793,3.094299476530567,197.1034482758621,0.0004023028369286259,0.8105530739230161,0.8422764907249902
P32-35,7.0,23258,3,MAX_ch2-r05c03f11.tif,3,33,22708,615137.0,r05c03f11,0.0002861151255736526,0.00014956017927713656,0.0014923504845262116,0.010448111785886087,175.99999999999994,91.99999999999996,918.0000000000002,6427.020139634609,879,529,0.07824435857378113,0.00014790994059315905,2.479950020173316,90.98487712665408,0.0008599710308435357,0.8165887741476041,0.8449280499252844
P32-35,7.0,23259,1,MAX_ch2-r05c03f13.tif,1,33,22709,338361.0,r05c03f13,0.0002571218314167412,0.00036351707200297904,0.0015988840321431845,0.018064629909121374,86.99999999999997,122.99999999999999,541.0,6112.366240680218,560,309,0.13985358832725994,0.0004526006094733332,2.639555199275122,153.14239482200648,0.0009132258150318743,0.8412858278102595,0.8018728433149058
P32-35,7.0,23278,2,MAX_ch2-r05c03f19.tif,2,33,22728,104200.0,r05c03f19,0.0008349328214971208,0.0005662188099808061,0.0028982725527831096,0.02363256256433915,86.99999999999999,59.0,302.0,2462.5130192041397,276,166,0.15397312859884837,0.000927548967462942,2.4214986305424393,96.65060240963857,0.0015930902111324376,0.8005370837767123,0.8464398844728124
P32-35,7.0,23305,1,MAX_ch2-r05c03f26.tif,3,33,22755,511617.0,r05c03f26,0.00023455045473469405,0.00026386926157653085,0.0014815770390741512,0.01276295568270399,119.99999999999997,134.99999999999997,758.0,6529.745097517967,728,396,0.10422444914848414,0.00026319305340526296,2.4973441262676332,134.65404040404042,0.0007740165006244906,0.8159672553090778,0.8309911468628467
P32-35,7.0,23324,1,MAX_ch2-r05c03f31.tif,1,33,22773,227888.0,r05c03f31,0.00039931896370146733,0.0009522221442111915,0.0017596363125745981,0.023508821972740304,90.99999999999999,217.0,401.0,5357.378421723843,361,154,0.154110791265885,0.001000719423804448,2.3827230131375265,228.05194805194805,0.0006757705539563294,0.8144375378660662,0.8185206510391202
P32-35,7.0,23325,2,MAX_ch2-r05c03f31.tif,3,33,22774,324480.0,r05c03f31,0.0011834319526627217,0.0014392258382643,0.003704388560157791,0.04562500594587927,383.99999999999994,467.0,1202.0,14804.401929318905,1080,562,0.24824642504930966,0.00044171961752546206,2.496853328328969,143.32918149466192,0.0017320019723865879,0.7852300040087388,0.852306445974103
P32-35,7.0,23327,4,MAX_ch2-r05c03f31.tif,4,33,22776,384317.0,r05c03f31,0.0012073366517744467,0.0007727995378814882,0.003424256538222353,0.03052652250547092,464.00000000000006,296.9999999999999,1316.0,11731.861549735067,1204,742,0.16957615718274238,0.0002285392953945315,2.6233000381976552,87.83153638814017,0.0019306978353806883,0.7731000795753636,0.8661007531803371
P32-35,7.0,23332,1,MAX_ch2-r05c03f32.tif,1,33,22781,114352.0,r05c03f32,0.0016090667412900518,0.0018889044354274522,0.0034192668252413594,0.045105962847660885,184.0,216.0,390.99999999999994,5157.9570635557175,360,188,0.22417622778788307,0.0011924267435525695,2.147949626316873,136.35638297872342,0.0016440464530572269,0.7493223961141847,0.8433073919918538
P32-35,7.0,23333,2,MAX_ch2-r05c03f32.tif,4,33,22782,947234.0,r05c03f32,0.0008139488236275301,0.0008107817075822869,0.0027321654416965608,0.032097761041297024,770.9999999999999,768.0,2588.0,30404.090582191944,2398,1300,0.1825736829547926,0.00014044129458060968,2.6483266952868076,133.03076923076924,0.001372416952938767,0.774276539865892,0.8621893030127022
P32-35,7.0,23358,4,MAX_ch2-r05c03f34.tif,6,33,22807,833581.0,r05c03f34,0.0008433493565712267,0.0007113885753154163,0.0029427254220045804,0.027013960270964248,702.9999999999998,593.0,2453.0,22518.32401663065,2284,1347,0.17249193539680008,0.0001280563737170008,2.3573436918658257,106.74536005939125,0.001615919748650701,0.7990378515867136,0.8263294455363113
P13-15,7.0,25048,11,MAX_ch2-r05c11f12.tif,11,13,24470,41584.0,r05c11f12,0.00026452481723739893,0.001250480954213159,0.001779530588687957,0.029214529984957802,10.999999999999996,52.0,74.0,1214.8570148944852,76,26,0.1973114659484417,0.007588902536478528,2.1506886950735793,315.5769230769231,0.0006252404771065795,0.7610737848200254,0.806985541749805
P13-15,7.0,25312,3,MAX_ch2-r05c11f39.tif,4,13,24728,76708.0,r05c11f39,0.0014861552901913747,0.001303644991395943,0.004158627522553058,0.0383768522126176,113.99999999999997,100.0,319.0,2943.8115795254707,282,174,0.22276685612973876,0.001280269288101947,2.164722146057073,98.20689655172414,0.002268342285028941,0.769753653354106,0.8329304535618891
Doxo,7.0,25332,1,MAX_ch2-r06c01f11.tif,2,19,24748,227176.0,r06c01f11,0.000999225270275029,0.000862767193717646,0.0034906856358065987,0.036316144245272935,227.0,195.99999999999997,792.9999999999999,8250.156385064125,729,402,0.2104359615452336,0.0005234725411572976,2.5857011454764818,118.92039800995023,0.0017695531218086418,0.7590641218790377,0.8646831357275366
Doxo,7.0,25362,2,MAX_ch2-r06c01f29.tif,2,19,24774,540465.0,r06c01f29,0.00034044757754896234,0.0004218589547889317,0.0016763342677139133,0.016950694127614966,183.99999999999994,227.99999999999997,906.0000000000002,9161.256901681423,865,444,0.12131775415614332,0.0002732381850363588,2.6268641898302647,147.67567567567568,0.0008215148066942355,0.8113027206968918,0.8490379722653653
Doxo,7.0,25368,2,MAX_ch2-r06c01f39.tif,2,19,24779,526788.0,r06c01f39,0.0005979635071413928,0.00047837080571311416,0.0022627698428969527,0.021656583536295536,315.0,251.99999999999997,1192.0,11408.428327918053,1079,615,0.1518808325170657,0.0002469607032797816,2.667671391727738,130.0959349593496,0.0011674525615617667,0.8259431993015158,0.8396045171139654
Doxo,7.0,25370,2,MAX_ch2-r06c01f40.tif,2,19,24780,170473.0,r06c01f40,0.0018126037554334117,0.0017070151871557372,0.004487514151801165,0.043664291554802795,309.0,291.0,765.0,7443.582774221897,691,390,0.25660368504103287,0.0006579581667718792,2.130385019535155,112.16410256410256,0.002287752312682947,0.7789606841822625,0.8317183143537745
Doxo,7.0,25373,3,MAX_ch2-r06c01f38.tif,3,19,24783,466532.0,r06c01f38,0.0006751948419401028,0.0007052035015818849,0.0025078665557775244,0.025984976127749214,315.0,328.99999999999994,1170.0,12122.822882831097,1122,623,0.16683099980280022,0.00026778651653740004,2.4767596031779697,124.93097913322632,0.0013353853540593143,0.8031783251865711,0.826296774402257
P32-35,7.0,25386,3,MAX_ch2-r06c02f12.tif,3,34,24796,503419.0,r06c02f12,0.0008621049265125075,0.0006277077345114109,0.0028008478027249668,0.028843533811284315,434.0,316.0,1410.0,14520.382947742939,1280,775,0.16912154686255387,0.00021822135079039212,2.9539915238077374,109.8567741935484,0.0015394730830580491,0.7947386013051188,0.8719742392416002
P32-35,7.0,25430,6,MAX_ch2-r06c03f05.tif,6,33,24837,435751.0,r06c03f05,0.0006632228038489871,0.0003602975093574082,0.002460120573446762,0.02197637876196923,289.0,156.99999999999997,1072.0,9576.229021906853,965,588,0.1295235122810963,0.00022027808211070798,3.2768066915913283,95.98639455782312,0.001349394493644306,0.7954157016040476,0.8905701701521479
P32-35,7.0,25476,3,MAX_ch2-r06c03f23.tif,3,33,24882,162944.0,r06c03f23,0.0008162313432835821,0.0005707482325216025,0.0026757659073055775,0.02009799788016109,133.0,93.0,436.0,3274.8481665849686,409,241,0.13704708366064416,0.0005686600981769467,2.2243353779188038,92.6597510373444,0.0014790357423409269,0.7978973309305465,0.8295880839744364
P32-35,7.0,25504,7,MAX_ch2-r06c03f29.tif,7,33,24909,173208.0,r06c03f29,0.0011315874555447786,0.001085400212461318,0.003504457068957554,0.03283373006990691,196.0,187.99999999999997,607.0,5687.064717948436,536,294,0.18319592628516007,0.0006231153955277553,2.385308664208769,107.92857142857144,0.0016973811833171678,0.772073737422257,0.8502272742744458
P32-35,7.0,25519,3,MAX_ch2-r06c03f30.tif,3,33,24924,238899.0,r06c03f30,0.0011050695063604282,0.00083717386845487,0.0031687030921016836,0.03188899804494136,263.99999999999994,199.99999999999997,757.0000000000001,7618.249743938446,705,431,0.1838350097740049,0.00042653134518330605,2.7313335559440968,101.89791183294663,0.0018041096865202449,0.7847974929860976,0.8565851705004547
P32-35,7.0,25548,1,MAX_ch2-r06c03f40.tif,2,33,24953,244344.0,r06c03f40,0.0006343515699178206,0.0006752774776544544,0.0026233506859182133,0.026842330283281153,154.99999999999997,165.0,640.9999999999999,6558.76235073805,606,331,0.1678821661264447,0.0005071968765149387,2.7969016552434436,123.93051359516616,0.001354647546082572,0.796804428657121,0.8543666121860816
P32-35,7.0,25556,9,MAX_ch2-r06c03f40.tif,9,33,24961,101312.0,r06c03f40,0.001520056854074542,0.0009278269109286163,0.004145609602021478,0.033152054833508304,154.0,93.99999999999997,420.0,3358.700979292393,378,242,0.1921786165508528,0.0007941265146729455,2.2179608441221177,80.45454545454545,0.002388660770688566,0.780536267291008,0.8462902802225546
P13-15,7.0,27111,4,MAX_ch2-r06c11f09.tif,4,13,26481,161772.0,r06c11f09,0.0005872462478055533,0.0002905323541774843,0.0024108003857280613,0.018782945471262334,94.99999999999997,46.99999999999999,389.99999999999994,3038.55465477705,370,214,0.10272482258981777,0.0004800225354664382,2.9669363497329377,77.65420560747664,0.0013228494424251415,0.780813427185956,0.8782679809959475
P13-15,7.0,27150,2,MAX_ch2-r06c11f17.tif,2,13,26518,86316.0,r06c11f17,0.0006024375550303535,0.0006835349182075164,0.0020969461050094995,0.023639691049885034,52.0,58.999999999999986,180.99999999999997,2040.4835726618767,166,85,0.1584758329857732,0.0018644215645385084,2.6400843024253153,160.9294117647059,0.0009847536957226933,0.7961261958867176,0.8543262749314425
P13-15,7.0,27258,5,MAX_ch2-r06c11f29.tif,4,13,26626,192293.0,r06c11f29,0.0005980456906907687,0.0004784365525526149,0.002423385146625202,0.027578697486759764,115.0,91.99999999999997,466.0,5303.190475821495,423,231,0.15485743110773664,0.0006703784896438815,3.241949415395942,128.9090909090909,0.0012012917786918922,0.7645678513711502,0.8884272807431678
Doxo,7.0,27351,1,MAX_ch2-r07c01f02.tif,1,19,26715,131204.0,r07c01f02,0.001135636108655224,0.00195878174445901,0.003475503795615988,0.044995493113618446,149.0,257.0,456.0000000000001,5903.588678479195,416,180,0.2602054815401969,0.0014455860085566493,2.067311831384772,189.66666666666663,0.0013719093930063108,0.7876372728374124,0.8010195347249249
Doxo,7.0,27366,1,MAX_ch2-r07c01f08.tif,1,19,26729,320960.0,r07c01f08,0.0009097706879361915,0.0008661515453639081,0.0026483050847457626,0.029308193261295943,292.0,277.99999999999994,850.0,9406.757709145546,818,469,0.18823529411764706,0.00040135457167941803,2.5515157511132887,128.81876332622602,0.0014612412761714855,0.8162211913629274,0.8426682537644705
Doxo,7.0,27367,1,MAX_ch2-r07c01f07.tif,1,19,26730,285793.0,r07c01f07,0.0011196915249848665,0.0013856182621687725,0.003285594818627468,0.037936909887013356,319.99999999999994,396.0,939.0,10842.103287339209,840,450,0.22641562249600236,0.0005031458277688941,2.7330576441101475,143.79555555555555,0.0015745662070099687,0.7951463672549156,0.8519523210951828
Doxo,7.0,27371,2,MAX_ch2-r07c01f09.tif,1,19,26734,396464.0,r07c01f09,0.00029258646434480805,0.00044140199362363293,0.001750474191856007,0.017112674155286865,115.99999999999999,175.0,693.9999999999999,6784.559246301651,671,352,0.13008747326365067,0.00036956668540809854,2.3603089448279535,146.51988636363637,0.0008878485814601074,0.8212421412367473,0.8080994196552891
Doxo,7.0,27396,3,MAX_ch2-r07c01f27.tif,3,19,26756,607163.0,r07c01f27,0.0005237473297944702,0.00020752252689969575,0.0020653432439064964,0.013096076069729842,317.99999999999994,125.99999999999997,1254.0,7951.45283472538,1203,766,0.09082569260643353,0.00011857140026949546,2.6038465337874257,71.99216710182768,0.001261605203215611,0.8232849045747137,0.8602648505607094
Doxo,7.0,27404,2,MAX_ch2-r07c01f30.tif,2,19,26764,66424.0,r07c01f30,0.0001806575936408527,0.00012043839576056844,0.0009635071660845478,0.0077792668570872605,12.0,7.999999999999998,64.0,516.7300217151642,62,37,0.06830362519571241,0.0018460439242084434,2.877535673242636,122.62162162162164,0.0005570275803926291,0.8511074329116376,0.8411685812630619
Doxo,7.0,27406,1,MAX_ch2-r07c01f31.tif,1,19,26766,398340.0,r07c01f31,0.0003288647888738263,0.00026359391474619666,0.0013857508660942914,0.01361268998470245,130.99999999999997,104.99999999999997,552.0,5422.478928506374,527,299,0.10975046442737361,0.00036705840945609904,2.7391002021929283,146.2140468227425,0.0007506150524677411,0.8371107193353945,0.8334366654253235
Doxo,7.0,27420,4,MAX_ch2-r07c01f40.tif,4,19,26778,336684.0,r07c01f40,0.0011494457711088142,0.001199938221002483,0.003596844518896057,0.03634268555514587,387.0,404.0,1211.0,12236.000743448734,1082,578,0.22533295315488708,0.00038984939992194994,2.415117161300305,131.2560553633218,0.0017167432963847405,0.7914048046210822,0.8431797128384337
P32-35,7.0,27446,1,MAX_ch2-r07c03f02.tif,2,33,26799,155048.0,r07c03f02,0.0013286208141994734,0.001457613126257675,0.004901707858211651,0.04165473351741648,205.99999999999997,226.0,760.0,6458.48312240839,698,375,0.2805324802641762,0.0007480866140378033,2.129745497717373,115.98933333333332,0.002418605851091275,0.7935922666710205,0.8243514060289747
P32-35,7.0,27492,2,MAX_ch2-r07c03f17.tif,2,33,26843,221767.0,r07c03f17,0.0006628578643350904,0.0006042377810945723,0.0025161543421699352,0.026585646771429758,146.99999999999997,134.0,558.0,5895.819127559663,514,289,0.1496976556475941,0.0005179849676387339,2.8997203469462534,114.8719723183391,0.001303169542808443,0.7809217223522154,0.8730925201238317
P32-35,7.0,27557,4,MAX_ch2-r07c03f34.tif,2,33,26907,105020.0,r07c03f34,0.0012283374595315178,0.0007998476480670346,0.0037231003618358404,0.028656706421676302,129.0,83.99999999999997,390.99999999999994,3009.527308404445,353,209,0.18483146067415732,0.0008843610558572119,2.2934309540105065,92.8755980861244,0.001990097124357265,0.7907388877526836,0.8530762506966807
P32-35,7.0,27564,3,MAX_ch2-r07c03f37.tif,1,33,26914,56176.0,r07c03f37,7.120478496154942e-05,0.0,0.0008188550270578183,0.0027418183589874596,4.0,0.0,46.0,154.02438813447952,50,32,0.02388920535459983,0.0007465376673312447,2.2506592833358594,41.9375,0.0005696382796923954,0.8479591679273142,0.831686255181703
P13-15,4.0,36159,10,MAX_ch2-r04c07f02.tif,10,15,35122,51173.0,r04c07f02,0.001328825747953022,0.0009379946456138978,0.0034588552557012486,0.027218493428864943,68.0,47.99999999999999,177.0,1392.8519642353058,173,106,0.15877513532526916,0.001497878635144049,2.132070835584382,76.65094339622641,0.002071404842397358,0.8031280899246398,0.8274893733119466
P13-15,4.0,36338,1,MAX_ch2-r04c07f35.tif,1,15,35294,41832.0,r04c07f35,0.0005498183209026583,0.0015060240963855422,0.0024622298718684262,0.0312870085413243,23.0,63.00000000000001,103.00000000000001,1308.7981413006783,92,35,0.19446834958883155,0.005556238559680901,1.8291099949616687,232.42857142857144,0.0008366800535475234,0.8232545831766528,0.7987743412713161
P13-15,4.0,38182,2,MAX_ch2-r05c07f04.tif,2,15,37024,36032.0,r05c07f04,0.0013321492007104796,0.0011378774422735344,0.003552397868561279,0.02914203561141054,48.0,40.99999999999999,128.0,1050.0458271503446,108,55,0.16232793072824156,0.0029514169223316647,2.113456697163492,106.34545454545454,0.0015264209591474246,0.7541693640839882,0.849243349401544
P13-15,4.0,38246,10,MAX_ch2-r05c07f11.tif,9,15,37081,73456.0,r05c07f11,0.0013341319973861905,0.001061860161184927,0.003362557177085603,0.02894994962665932,98.0,77.99999999999999,247.00000000000006,2126.547499775887,209,125,0.1719396645610978,0.0013755173164887826,2.1772162543809057,101.04,0.0017016989762578959,0.7624992155913237,0.8419011517983394
P13-15,4.0,38261,3,MAX_ch2-r05c07f16.tif,3,15,37096,43152.0,r05c07f16,0.0016221727845754542,0.002873563218390804,0.003777345198368558,0.05722386453094905,70.0,123.99999999999999,163.0,2469.3242022395134,143,65,0.3063125695216907,0.004712501069564472,2.0363238956267384,203.35384615384612,0.0015063032999629218,0.7651686982224647,0.8064790518182211
Doxo,5.0,42091,2,MAX_ch2-r02c01f13.tif,2,18,40693,412893.0,r02c01f13,0.00021555221328528208,0.0004964966710503689,0.0015742577374767803,0.015528795144559182,88.99999999999997,204.99999999999997,650.0000000000002,6411.730813622475,644,315,0.11631100551474595,0.0003692412873483998,2.3817027394216117,152.45714285714286,0.0007629095189310548,0.8324379562523673,0.791025845840292
P13-15,5.0,42477,14,MAX_ch2-r02c09f10.tif,14,15,41060,50368.0,r02c09f10,0.0015088945362134688,0.0021243646759847522,0.0038516518424396447,0.04166488520199909,76.0,107.0,194.00000000000003,2098.57693785429,166,91,0.26117773189326554,0.0028700849658600614,2.0322358180403066,144.56043956043956,0.0018067026683608641,0.8164907291029323,0.8150162279970126
P13-15,5.0,42491,7,MAX_ch2-r02c09f11.tif,7,15,41074,90228.0,r02c09f11,0.0002770758522853216,0.0010196391364099835,0.0023274371591967017,0.02846430729981004,24.999999999999996,91.99999999999999,210.0,2568.2775190472603,205,83,0.19561555171343706,0.002356813876065507,2.2794173108080726,212.65060240963857,0.0009198918295872679,0.7865575205317151,0.8186926069423155
Doxo,5.0,42962,2,MAX_ch2-r04c01f16.tif,2,18,41521,83740.0,r04c01f16,0.0015524241700501553,0.002722713159780272,0.004060186290900405,0.05097795553471611,130.0,228.0,339.9999999999999,4268.893996477127,298,122,0.270038213518032,0.002213427979656,1.9249254013474888,185.35245901639345,0.0014568903749701456,0.7784509618610617,0.8235614633478283
P13-15,5.0,44129,3,MAX_ch2-r04c09f15.tif,3,15,42639,35776.0,r04c09f15,0.0017330053667262966,0.0015652951699463326,0.004220706618962433,0.04115350548284585,61.999999999999986,55.99999999999999,151.0,1472.307812154293,133,75,0.23538126118067978,0.003138416815742397,2.0582800809152357,112.28,0.0020963774597495526,0.7685026109418852,0.8241521120138564
P13-15,5.0,44225,7,MAX_ch2-r04c09f20.tif,7,15,42728,45056.0,r04c09f20,0.0013316761363636363,0.001731178977272727,0.003950639204545455,0.03925335644188718,60.0,77.99999999999999,178.0,1768.5992278456688,155,73,0.22132457386363635,0.00303184347758406,1.9017518406835634,136.6027397260274,0.001620205965909091,0.7933672600331086,0.8133917188002253
P32-35,5.0,45131,1,MAX_ch2-r05c02f16.tif,1,33,43568,424377.0,r05c02f16,0.0008624407072013797,0.00037937965535361247,0.002768764565468911,0.023774618178466076,365.99999999999994,161.0,1175.0,10089.401138722898,1088,652,0.1309590293536172,0.00020085740698407543,3.0938607239136737,85.23926380368098,0.0015363697844133872,0.7774461130840729,0.8967860821816431
P32-35,5.0,45138,1,MAX_ch2-r05c02f23.tif,1,33,43574,232116.0,r05c02f23,0.001378621034310431,0.0011804442606283064,0.003644729359458202,0.03380995953819918,320.0,273.99999999999994,846.0,7847.832568168641,730,406,0.1835806234813628,0.00045216902335311034,2.1381253177015984,104.95566502463056,0.0017491254372813594,0.7431829224889612,0.8518197491200976
Doxo,5.0,47479,1,MAX_ch2-r05c01f26.tif,1,18,45837,58844.0,r05c01f26,0.0017333967779212835,0.0027190537692882875,0.004333491944803209,0.05260607201929412,102.0,160.0,255.0,3095.551701903343,218,94,0.3019169329073482,0.00321188226497179,1.9107508169339456,189.0,0.001597444089456869,0.7813704167168383,0.8002739058578398
Doxo,5.0,47491,1,MAX_ch2-r05c01f40.tif,3,18,45849,299484.0,r05c01f40,0.000731257763352967,0.0007045451509930414,0.002480933872928103,0.02982740764860189,218.99999999999997,211.00000000000003,743.0,8932.831352233889,704,393,0.17896782465841246,0.0004553888668152989,3.35928315622727,136.38167938931298,0.0013122570821813518,0.8020892480507258,0.8757148292556809
P13-15,5.0,48325,7,MAX_ch2-r05c09f20.tif,7,15,46650,45169.0,r05c09f20,0.000597755097522637,0.0011290929619872036,0.002878080099183068,0.02559720516342071,26.999999999999993,51.0,130.0,1156.20016002655,124,64,0.1796364763443955,0.0028068199428811797,1.8549129768176424,126.78125,0.0014169009719055105,0.8416207374739906,0.7806636052210059
P13-15,5.0,48489,10,MAX_ch2-r05c09f39.tif,9,15,46811,63220.0,r05c09f39,0.0003796267004112622,0.0006010756089844985,0.0016292312559316672,0.021052905178002183,23.999999999999996,38.0,103.0,1330.964665353298,95,50,0.1378361278076558,0.0027567225561531163,2.9666720117387273,174.28,0.0007908889591901297,0.8094910478723293,0.8188477766844848
Doxo,5.0,49092,1,MAX_ch2-r06c01f03.tif,1,18,47378,382157.0,r06c01f03,0.0009106205041383514,0.00144966597497887,0.003087736192193261,0.03860816269798792,347.99999999999994,554.0,1180.0,14754.379632174969,1081,485,0.2208594896861761,0.00045538039110551773,2.388286068805118,174.02680412371134,0.0012691119095031623,0.7799028243696291,0.844376046311906
Doxo,5.0,49095,2,MAX_ch2-r06c01f02.tif,2,18,47381,157067.0,r06c01f02,0.0015980441467653929,0.0012860753691099974,0.004195661723977666,0.03471936004192665,250.99999999999997,201.99999999999997,659.0,5453.265723705293,577,341,0.18437354759433872,0.0005406848903059786,2.2034958522011063,84.92375366568915,0.00217104802409163,0.7413163403682979,0.8487246307166276
Doxo,5.0,49127,2,MAX_ch2-r06c01f11.tif,2,18,47409,229380.0,r06c01f11,0.0004446769552707298,0.000880634754555759,0.001922573894846979,0.027184481997156906,102.0,202.0,441.00000000000006,6235.576480507851,417,184,0.16314412764844363,0.0008866528676545849,2.5843040844064493,203.3804347826087,0.0008021623506844537,0.7986647496422717,0.8456286658878475
Doxo,5.0,49133,2,MAX_ch2-r06c01f12.tif,2,18,47415,144604.0,r06c01f12,0.0001798013886199551,0.00019363226466764395,0.0011479627119581753,0.008518473066131734,25.99999999999999,27.999999999999986,166.0,1231.8052792549133,157,91,0.08775690852258582,0.0009643616321163278,2.308413468026201,139.45054945054946,0.0006293048601698431,0.8749870885669473,0.7521707535295913
Doxo,5.0,49144,5,MAX_ch2-r06c01f21.tif,5,18,47425,52264.0,r06c01f21,0.0014924230828103472,0.000937547834073167,0.003998928516761059,0.029146076966240744,77.99999999999999,49.0,209.0,1523.2905665636063,193,123,0.18303229756620235,0.0014880674598878238,2.1093095214409683,77.77235772357723,0.002353436399816317,0.7813155284867034,0.8324636305339049
P32-35,5.0,49200,1,MAX_ch2-r06c02f27.tif,1,33,47480,358888.0,r06c02f27,3.622299993312677e-05,5.572769220481042e-06,0.00012817369207106398,0.0005008590718387205,13.0,2.0,46.00000000000001,179.75231057405472,47,33,0.004644903145270949,0.00014075464076578634,2.033706066246632,50.51515151515152,9.195069213793719e-05,0.8512961667929654,0.7584643181073667
P32-35,5.0,49205,1,MAX_ch2-r06c02f30.tif,1,33,47485,152923.0,r06c02f30,0.001634809675457583,0.002099095623287537,0.004211269723978735,0.04699071041703879,249.99999999999997,321.0,644.0000000000001,7185.960409104823,555,267,0.2574890631232712,0.0009643785135703041,2.0995065381543583,147.4756554307116,0.001745976733388699,0.7494320157852468,0.8346909868854512
P32-35,5.0,49215,1,MAX_ch2-r06c02f32.tif,1,33,47495,338860.0,r06c02f32,0.0008115445906864191,0.0007672785221035234,0.00311338015699699,0.031269015767656914,275.0,259.99999999999994,1055.0,10595.818683028221,955,505,0.17725609396210826,0.00035100216626160046,2.807147612855165,118.94059405940594,0.0014902909756241516,0.763868114087332,0.882339054379667
P32-35,5.0,49218,4,MAX_ch2-r06c02f32.tif,4,33,47498,89508.0,r06c02f32,0.0008602583009339948,0.0018322384591321446,0.003161728560575591,0.039290302958438175,77.0,164.0,283.0,3516.796437203884,244,90,0.21799168789381954,0.002422129865486884,2.045137540442503,216.8,0.0010054967153773965,0.7522425152462741,0.810231774480878
P32-35,5.0,49256,2,MAX_ch2-r06c03f35.tif,2,32,47534,331636.0,r06c03f35,0.0006633779203705267,0.0006814700454715411,0.002638434910564595,0.024123776667003827,220.0,226.00000000000003,875.0,8000.3127987384805,836,465,0.1614420629847182,0.0003471872322252004,2.50928732651447,115.13978494623656,0.0014021396953286132,0.7988323951473117,0.8479574926646495
P32-35,5.0,49258,4,MAX_ch2-r06c03f35.tif,3,32,47536,190988.0,r06c03f35,0.0011100173832910966,0.0005759524158585879,0.00382222966887972,0.02431121808030951,211.99999999999997,110.0,730.0,4643.150918722153,652,398,0.16852367688022282,0.00042342632381965536,2.179381162604299,80.86934673366834,0.0020839005591974367,0.7909392660684919,0.852896390812686
P13-15,5.0,51253,9,MAX_ch2-r06c09f31.tif,9,15,49465,75049.0,r06c09f31,9.32723953683593e-05,0.0004663619768417967,0.0011592426281496091,0.01583091854313695,6.999999999999997,35.0,87.00000000000001,1188.094605743885,84,34,0.11241988567469256,0.0033064672257262515,3.115146162617627,248.14705882352945,0.00045303734893203105,0.7919965290753262,0.9124630802391246
P13-15,5.0,51274,2,MAX_ch2-r06c09f32.tif,1,15,49481,44160.0,r06c09f32,0.0015172101449275359,0.0016077898550724634,0.004370471014492753,0.04308022208430845,66.99999999999999,70.99999999999999,193.0,1902.422607243061,180,96,0.2573596014492754,0.0026808291817632854,1.9797365927018755,118.38541666666669,0.002173913043478261,0.7808176388806713,0.8017158025565969
P13-15,5.0,51334,1,MAX_ch2-r06c09f38.tif,1,15,49535,68200.0,r06c09f38,0.0005718475073313781,0.0014809384164222875,0.0029178885630498533,0.032622092682595125,38.999999999999986,101.0,199.0,2224.8267209529877,170,64,0.21019061583577714,0.003284228372434018,1.8093655675191656,223.984375,0.00093841642228739,0.8011229083502346,0.7796827326859116
Doxo,5.0,51824,1,MAX_ch2-r07c01f14.tif,1,18,49999,65872.0,r07c01f14,0.0018065338838960407,0.0033094486276414865,0.004478382317221277,0.05801000491866852,119.0,218.0,295.0,3821.235044002533,246,94,0.31441280058294874,0.003344817027478178,1.9829100062782818,220.32978723404256,0.0014270099587077969,0.7294875422656035,0.8296472843902692
Doxo,5.0,51830,2,MAX_ch2-r07c01f27.tif,2,18,50004,154832.0,r07c01f27,0.0015177741035444867,0.0012142192828355893,0.004779373772863491,0.03616873065845661,234.99999999999997,187.99999999999997,740.0,5600.076905310154,636,355,0.19935801384726673,0.0005615718699923006,2.1214294236876223,86.9492957746479,0.0022928076883331613,0.7574595321740298,0.8490848453656501
Doxo,5.0,51831,1,MAX_ch2-r07c01f28.tif,1,18,50005,208877.0,r07c01f28,0.0018767025570072342,0.00346615472263581,0.004409293507662404,0.05474146043758865,392.00000000000006,724.0000000000001,921.0,11434.232031822205,733,245,0.29988940859931923,0.001224038402446201,1.7762262334115486,255.6734693877551,0.0011729390981295212,0.7573008885759616,0.804584711234559
Doxo,5.0,51836,1,MAX_ch2-r07c01f31.tif,3,18,50010,255881.0,r07c01f31,0.000910579527202098,0.0010512699262547824,0.0031303613789222333,0.039493138028532146,233.00000000000003,268.99999999999994,801.0,10105.543651878834,721,366,0.1981663351323467,0.0005414380741320948,3.2483074738570674,138.54371584699453,0.0014303523903689606,0.7483907272956665,0.9140005265986428
Doxo,5.0,51838,3,MAX_ch2-r07c01f31.tif,1,18,50012,192544.0,r07c01f31,0.0011581768323084593,0.001490568389562905,0.003656307129798903,0.0349411224203117,222.99999999999997,287.0,704.0,6727.703475296496,631,314,0.2260574206415157,0.0007199280912150182,1.955144854755321,138.61783439490446,0.0016307960777796244,0.7812700266105593,0.8104359177515318
P32-35,5.0,51847,1,MAX_ch2-r07c02f02.tif,1,33,50021,260141.0,r07c02f02,0.0016260412622385553,0.0014069293191000263,0.004274604925790244,0.035832088008084156,423.0,365.99999999999994,1112.0,9321.39520651102,917,535,0.18768667760945026,0.00035081621983074817,2.068631146387719,91.26168224299066,0.0020565770101598746,0.7351946971013856,0.8408518851597888
P32-35,5.0,51861,2,MAX_ch2-r07c02f11.tif,2,33,50035,197103.0,r07c02f11,0.00011161676889747996,1.5220468486019955e-05,0.00068999457136624,0.0018380816953908945,21.999999999999993,2.999999999999991,136.0,362.29141640663147,136,92,0.01879220509073936,0.00020426309881238435,2.1230594310401374,40.26086956521739,0.00046676103357128,0.846941544908698,0.7902103249907882
P32-35,5.0,51909,2,MAX_ch2-r07c02f35.tif,1,33,50079,109224.0,r07c02f35,0.0015198124954222516,0.0008239947264337508,0.003662198784150004,0.026343575419894523,166.0,90.0,400.0,2877.3506816625595,353,236,0.14595693254229838,0.000618461578569061,2.225267840197028,67.55084745762711,0.0021606972826485023,0.7686450342672986,0.8505022984174567
P32-35,5.0,51914,5,MAX_ch2-r07c02f31.tif,4,33,50083,198823.0,r07c02f31,0.001976632482157497,0.0016748565306830695,0.004732852838957264,0.04223617512396626,393.0,332.99999999999994,941.0000000000001,8397.523046672344,772,433,0.2448157406336289,0.0005653943201700437,2.08765562679585,112.4133949191686,0.0021778164498071147,0.7720476805530662,0.8273020261242457
P32-35,5.0,51929,5,MAX_ch2-r07c02f38.tif,5,33,50098,274844.0,r07c02f38,0.0017428068286009517,0.0007131318129557128,0.004256960312031553,0.02627991566531578,478.99999999999994,195.99999999999994,1170.0000000000002,7222.87714111805,1019,680,0.14825501011482878,0.0002180220736982776,2.1932539203544,59.92205882352941,0.0024741307796422697,0.7594820427935833,0.8567207003337522
P32-35,5.0,51933,1,MAX_ch2-r07c02f40.tif,1,33,50102,199180.0,r07c02f40,0.0014459283060548245,0.002043377849181645,0.004342805502560498,0.046790252269984185,287.99999999999994,407.00000000000006,865.0000000000001,9319.68244713545,737,354,0.2544783612812532,0.0007188654273481728,2.1361289604115528,143.18361581920905,0.0017772868761923887,0.7530097873530313,0.8371706946841783
P32-35,5.0,51949,1,MAX_ch2-r07c03f21.tif,1,32,50115,96933.0,r07c03f21,0.000257910102854549,0.0005983514386225538,0.0016506246582691133,0.021146263989211468,25.0,58.0,159.99999999999997,2049.7708072662354,142,60,0.138735002527519,0.0023122500421253168,3.1746967842247944,224.13333333333333,0.0006189842468509177,0.7933230833243229,0.8956529041318723
P13-15,5.0,54190,5,MAX_ch2-r07c09f33.tif,5,15,52286,127168.0,r07c09f33,0.0005976346250629089,0.0006526799194765979,0.0025949924509310516,0.01904003026885382,76.0,83.0,329.99999999999994,2421.282569229603,298,161,0.14875597634625062,0.0009239501636413083,2.0139822971057666,117.4968944099379,0.0012660417715148465,0.8254194521213253,0.7929739359644623
P13-15,3.0,56817,1,MAX_ch2-r02c07f11.tif,1,13,54846,108068.0,r02c07f11,0.00037939075396972277,0.0006755006107265795,0.0013510012214531587,0.026337998048467693,41.0,73.0,145.99999999999994,2846.2947731018066,139,62,0.13366584002664988,0.002155900645591127,3.3321016839677013,232.98387096774192,0.0005737128474664101,0.7899097341156669,0.8771316605884739
P13-15,3.0,57062,3,MAX_ch2-r02c07f37.tif,3,13,55084,93564.0,r02c07f37,0.0005878329271942199,0.001132914368774315,0.002543713394040443,0.03318319770408255,54.99999999999999,106.00000000000001,238.0,3104.7527099847794,201,77,0.17472532170492924,0.002269160022141938,2.1731444731512526,212.3116883116883,0.000822966098071908,0.7333364687806275,0.8445248393085222
P13-15,3.0,61636,2,MAX_ch2-r04c07f03.tif,1,13,59572,40924.0,r04c07f03,0.0005864529371517936,0.0010507281790636301,0.0020037142019352946,0.024582254870314714,24.0,43.0,82.0,1006.0041983127594,80,36,0.1637914182386864,0.004549761617741288,2.2202361373453625,186.19444444444449,0.0008796794057276903,0.7938461540749088,0.812600660158564
P13-15,3.0,61786,9,MAX_ch2-r04c07f23.tif,9,13,59713,57908.0,r04c07f23,0.0005871382192443184,0.0010879325827174138,0.002624853215445189,0.040781989055476295,33.99999999999999,63.0,152.0,2361.603422224521,143,58,0.17006285832700144,0.0029321182470172665,3.3650196215774426,169.79310344827587,0.0010015887269461906,0.7059455195484661,0.9113373502158674
P13-15,1.0,72157,1,MAX_ch2-r04c04f15.tif,1,14,69823,110196.0,r04c04f15,0.0005717085919634107,0.0010072960906021998,0.002513702856728012,0.029092191293272566,63.0,111.0,277.0,3205.8431117534637,250,106,0.17604994736651058,0.0016608485600614206,2.764207988786677,183.0188679245283,0.0009619223928273258,0.776595483973167,0.8890058955701498
P13-15,1.0,74254,8,MAX_ch2-r06c04f02.tif,8,14,71865,69184.0,r06c04f02,0.0013297872340425532,0.0012719703977798335,0.003454555966697502,0.03788293168727553,92.0,88.0,239.0,2620.8927458524704,207,107,0.2037754394079556,0.001904443358952856,2.198491259913814,131.7570093457944,0.0015466003700277521,0.7611736972407669,0.8390629560700302
P13-15,1.0,75368,12,MAX_ch2-r07c04f15.tif,11,14,72964,79952.0,r07c04f15,0.0005378226936161697,0.0004877926756053631,0.0021763057834700817,0.01858629360392448,43.0,38.99999999999999,173.99999999999997,1486.0113462209702,165,93,0.12208575145087053,0.0013127500156007582,2.505825709257052,104.95698924731182,0.0011631979187512508,0.8072839170751194,0.8474569075936461
