,Replicate,Passage,Doubling_Time_Trees,Exponential_Doubling_Rate_Trees,Selected_Times_Trees,Selected_Cell_Density_Trees,Doubling_Time_RANSAC,Exponential_Doubling_Rate_RANSAC,Selected_Times_RANSAC,Replicate_Number,Passage_num
3,R1,P6,22.613379212418977,0.04422160839414982,[0.000e+00 1.000e-02 2.000e-02 ... 4.849e+01 4.850e+01 4.851e+01],"[ 23.02177993  23.02883766  23.03589756 ... 101.77456645 101.80576726
 101.83697763]",24.5930209655289,0.04066194232102115,[ 0  4  8 12 16 20 24 28 32 36 40 44 48 52 56],1,6.0
9,R2,P6,28.07446362063414,0.035619558525243594,[ 6.51  6.52  6.53 ... 71.97 71.98 71.99],"[ 29.76500665  29.77235641  29.779708   ... 149.83196323 149.8689607
 149.90596731]",29.40132830582449,0.03401206876091707,[ 0  4  8 12 16 20 24 28 32 36 40 44 48 52 56 60 64],2,6.0
32,R5,P7,21.158456450765836,0.04726242683755907,[0.000e+00 1.000e-02 2.000e-02 ... 3.999e+01 4.000e+01 4.001e+01],"[26.07285158 26.0813944  26.08994001 ... 96.63680973 96.66847296
 96.70014656]",22.46910520743042,0.04450555510636467,[ 0  2  4  6  8 10 12 14 16 18 20 22 24 26 28 30 32 34 36 38 40 42 44 46],5,7.0
22,R4,P7,18.202795380994907,0.05493661710025459,[0.000e+00 1.000e-02 2.000e-02 ... 2.474e+01 2.475e+01 2.476e+01],"[38.58826001 38.6029569  38.61765938 ... 98.99076222 99.02846425
 99.06618064]",23.039263498296936,0.043404165244862104,[ 0  2  4  6  8 10 12 14 16 18 20 22 24 26 28 30 32 34],4,7.0
42,R6,P8,20.163383481248623,0.04959485102934097,[0.000e+00 1.000e-02 2.000e-02 ... 5.274e+01 5.275e+01 5.276e+01],"[16.13013991 16.13568585 16.14123369 ... 98.86030764 98.89429823
 98.9283005 ]",24.72406209952414,0.04044642809804489,"[ 0  2  4  6  8 10 12 14 16 18 20 22 24 26 28 30 32 34 36 38 40 42 44 46
 48 50 52 54 56 58 60 62 64 66 68 70 72]",6,8.0
54,R7,P9,19.163393233329437,0.05218282523476979,[0.000e+00 1.000e-02 2.000e-02 ... 4.474e+01 4.475e+01 4.476e+01],"[18.66255178 18.66930331 18.67605729 ... 94.1398702  94.17392711
 94.20799633]",28.703100463533588,0.03483944186693244,"[ 0  2  4  6  8 10 12 14 16 18 20 22 24 26 28 30 32 34 54 56 58 60 62 64
 66 68 70 72]",7,9.0
4,R1,P9,21.976604328484115,0.045502935078277275,[0.000e+00 1.000e-02 2.000e-02 ... 4.849e+01 4.850e+01 4.851e+01],"[ 21.70358591  21.71043235  21.71728095 ... 100.16945533 100.20105399
 100.23266262]",28.67520650269184,0.03487333212076874,[ 0  4  8 12 16 20 24 28 32 36 40 44 48 52 56 60 64 68],1,9.0
10,R2,P9,30.41807121322508,0.03287519425509212,[ 7.51  7.52  7.53 ... 71.97 71.98 71.99],"[ 30.97276597  30.97982465  30.98688493 ... 134.55604004 134.58670528
 134.61737752]",33.508243773823374,0.029843402320631308,[ 0  4  8 12 16 20 24 28 32 36 40 44 48 52 56 60 64 68 72],2,9.0
16,R3,P9,23.745911651019302,0.042112512448309165,[0.000e+00 1.000e-02 2.000e-02 ... 3.749e+01 3.750e+01 3.751e+01],"[32.00979249 32.01913756 32.02848537 ... 95.61993439 95.64785009
 95.67577393]",26.025694727757067,0.03842356603581746,[ 0  4  8 12 16 20 24 28 32 36 40 44],3,9.0
34,R6,P10,21.62864359875875,0.04623498442858382,[0.000e+00 1.000e-02 2.000e-02 ... 6.074e+01 6.075e+01 6.076e+01],"[13.24250325 13.24674784 13.25099379 ... 92.75909965 92.78883152
 92.81857293]",23.16005018066124,0.043177799365694165,"[ 0  2  4  6  8 10 12 14 16 18 20 22 24 26 28 30 32 34 36 38 40 42 44 46
 48 50 52 54 56 58 60 62 64 66 68 70 72]",6,10.0
24,R5,P10,22.50405892813321,0.04443642825472078,[0.000e+00 1.000e-02 2.000e-02 ... 4.599e+01 4.600e+01 4.601e+01],"[21.57849591 21.58514332 21.59179278 ... 88.96424587 88.99165195
 89.01906648]",30.001088314020848,0.033332124139398484,"[ 0  2  4  6  8 10 12 14 16 18 20 22 24 26 28 30 32 34 36 38 40 42 44 46
 48 50 52 54 56 58 60 62 64 66 68 70 72]",5,10.0
17,R4,P10,19.70090227846516,0.050759096505599594,[0.000e+00 1.000e-02 2.000e-02 ... 2.274e+01 2.275e+01 2.276e+01],"[40.70418187 40.71850555 40.73283428 ... 90.59546765 90.62734794
 90.65923944]",24.820088561468193,0.04028994487765222,[ 0  2  4  6  8 10 12 14 16 18 20 22 24 26 28 30 32],4,10.0
0,R1,P11,22.011776745355814,0.04543022635421679,[0.000e+00 1.000e-02 2.000e-02 ... 4.849e+01 4.850e+01 4.851e+01],"[ 22.06598077  22.07293041  22.07988223 ... 101.59345442 101.62545107
 101.65745779]",25.353406625469496,0.03944243133762629,[ 0  4  8 12 16 20 24 28 32 36 40 44 48 52 56 60],1,11.0
5,R2,P11,24.951529334671086,0.040077703718563756,[0.000e+00 1.000e-02 2.000e-02 ... 5.349e+01 5.350e+01 5.351e+01],"[22.00977074 22.01588585 22.02200265 ... 97.26363363 97.29065698
 97.31768783]",30.337531194190838,0.03296247125710362,[ 0  4  8 12 16 20 24 28 32 36 40 44 48 52 56 60 64 68 72],2,11.0
11,R3,P11,28.979893955063165,0.03450668251411206,[0.000e+00 1.000e-02 2.000e-02 ... 4.149e+01 4.150e+01 4.151e+01],"[33.24363106 33.25158329 33.25953743 ... 89.67838068 89.6998327
 89.72128986]",42.39610467855756,0.023587072623343256,[ 0  4  8 12 16 20 24 28 32 36 40 44 48 52 56 60 64 68 72],3,11.0
18,R4,P12,21.999437144757312,0.04545570840835399,[0.000e+00 1.000e-02 2.000e-02 ... 2.324e+01 2.325e+01 2.326e+01],"[45.10157312 45.11578573 45.13000283 ... 93.79873187 93.82829016
 93.85785777]",29.79583579914151,0.03356173683937446,[ 2  4  6  8 10 12 14 16 18 20 22 24 26 28 30 32 34],4,12.0
45,R7,P13,26.154694166795956,0.03823405441572799,[0.000e+00 1.000e-02 2.000e-02 ... 5.199e+01 5.200e+01 5.201e+01],"[22.13257717 22.13844348 22.14431135 ... 87.78411746 87.80738494
 87.83065859]",30.832180476893402,0.03243364512443196,"[ 0  2  4  6  8 10 12 14 16 18 20 22 24 26 28 30 32 34 36 38 40 42 44 46
 48 50 52 54 56 58 60 62 64 66 68 70 72]",7,13.0
35,R6,P13,24.457898885183575,0.04088658656634618,[0.000e+00 1.000e-02 2.000e-02 ... 6.074e+01 6.075e+01 6.076e+01],"[12.80672428 12.81035428 12.8139853  ... 71.61951639 71.63981654
 71.66012245]",25.242937773330294,0.039615040411679875,"[ 0  2  4  6  8 10 12 14 16 18 20 22 24 26 28 30 32 34 36 38 40 42 44 46
 48 50 52 54 56 58 60 62 64 66 68 70 72]",6,13.0
1,R1,P14,27.857419191480073,0.03589707980938308,[0.000e+00 1.000e-02 2.000e-02 ... 4.949e+01 4.950e+01 4.951e+01],"[23.36956707 23.3753826  23.38119958 ... 80.06532043 80.08524473
 80.10517399]",33.94072719246197,0.029463128303924314,[ 0  4  8 12 16 20 24 28 32 36 40 44 48 52 56 60 64 68 72],1,14.0
12,R3,P14,28.63922944352404,0.03491714055966411,[0.000e+00 1.000e-02 2.000e-02 ... 3.499e+01 3.500e+01 3.501e+01],"[ 43.63717847  43.64774113  43.65830635 ... 101.77480626 101.79944151
 101.82408272]",28.63922944352404,0.03491714055966411,[ 0  4  8 12 16 20 24 28 32],3,14.0
25,R5,P14,26.14090549280096,0.03825422192339105,[ 8.76  8.77  8.78 ... 71.97 71.98 71.99],"[15.13610814 15.14012213 15.14413719 ... 80.89461502 80.91606773
 80.93752612]",25.00535046531897,0.03999144108725628,"[ 0  2  4  6  8 10 12 14 16 18 20 22 24 26 28 30 32 34 36 38 40 42 44 46
 48 50 52 54 56 58 60 62 64 66 68 70 72]",5,14.0
6,R2,P14,26.358707834468287,0.037938126795894665,[11.51 11.52 11.53 ... 71.97 71.98 71.99],"[ 23.81878028  23.82504466  23.83131069 ... 116.78950117 116.820217
 116.8509409 ]",27.902485281329742,0.035839101424743884,[ 0  4  8 12 16 20 24 28 32 36 40 44 48 52 56 60 64 68 72],2,14.0
46,R7,P15,30.21387062184703,0.03309738141517428,[0.000e+00 1.000e-02 2.000e-02 ... 5.474e+01 5.475e+01 5.476e+01],"[21.89201324 21.89703614 21.9020602  ... 76.85586151 76.87349531
 76.89113315]",32.991472075600925,0.030310863295474378,"[ 0  2  4  6  8 10 12 14 16 18 20 22 24 26 28 30 32 34 36 38 40 42 44 46
 48 50 52 54 56 58 60 62 64 66 68 70 72]",7,15.0
13,R3,P16,30.51968867568671,0.03276573397017129,[0.000e+00 1.000e-02 2.000e-02 ... 3.249e+01 3.250e+01 3.251e+01],"[47.4130456  47.42381503 47.4345869  ... 99.16580763 99.1883322
 99.2108619 ]",30.51968867568671,0.03276573397017129,[ 0  4  8 12 16 20 24 28 32],3,16.0
26,R5,P16,29.546437660138782,0.03384502766467526,[13.26 13.27 13.28 ... 71.97 71.98 71.99],"[23.53009056 23.53561127 23.54113327 ... 93.27874946 93.30063484
 93.32252535]",27.323926580963736,0.036597961022801474,"[ 0  2  4  6  8 10 12 14 16 18 20 22 24 26 28 30 32 34 36 38 40 42 44 46
 48 50 52 54 56 58 60 62 64 66 68 70 72]",5,16.0
19,R4,P16,20.644979122758432,0.04843792740374481,[0.000e+00 1.000e-02 2.000e-02 ... 3.524e+01 3.525e+01 3.526e+01],"[ 30.69956252  30.70987151  30.72018396 ... 100.22501015 100.25866595
 100.29233306]",19.095091347767003,0.05236947976773837,[ 0  2  4  6  8 10 12 14 16 18 20 22 24 26 28],4,16.0
47,R7,P17,35.26650826721715,0.02835551488179437,[0.000e+00 1.000e-02 2.000e-02 ... 4.599e+01 4.600e+01 4.601e+01],"[12.54785705 12.55032352 12.55279047 ... 30.9837363  30.98982661
 30.99591812]",37.265014942946046,0.026834820850898156,"[ 0  2  4  6  8 10 12 14 16 18 20 22 24 26 28 30 32 34 36 38 40 42 44 46
 48 50 52 54 56 58 60 62 64 66 68 70 72]",7,17.0
7,R2,P17,38.23771324531582,0.02615219151795124,[0.000e+00 1.000e-02 2.000e-02 ... 6.049e+01 6.050e+01 6.051e+01],"[29.71412161 29.71950847 29.72489631 ... 88.95617766 88.97230449
 88.98843424]",43.5400446515074,0.02296736275775452,[ 0  4  8 12 16 20 24 28 32 36 40 44 48 52 56 60 64 68 72],2,17.0
2,R1,P17,29.726823856654907,0.03363965167695274,[ 6.51  6.52  6.53 ... 71.97 71.98 71.99],"[21.32665544 21.33162881 21.33660333 ... 98.13102512 98.15390922
 98.17679866]",31.8338455931954,0.0314131070678358,[ 0  4  8 12 16 20 24 28 32 36 40 44 48 52 56 60 64 68 72],1,17.0
36,R6,P17,33.00387288632772,0.030299474350910585,[11.26 11.27 11.28 ... 71.97 71.98 71.99],"[19.6372738  19.64139845 19.64552397 ... 70.27812715 70.29288851
 70.30765297]",34.10448635988475,0.02932165549856354,"[ 0  2  4  6  8 10 12 14 16 18 20 22 24 26 28 30 32 34 36 38 40 42 44 46
 48 50 52 54 56 58 60 62 64 66 68 70 72]",6,17.0
27,R5,P18,44.95148006305355,0.022246208547467124,[ 0.76  0.77  0.78 ... 71.97 71.98 71.99],"[20.59942245 20.6025991  20.60577625 ... 61.76358092 61.77310554
 61.78263162]",44.9564999422221,0.022243724517816015,"[ 0  2  4  6  8 10 12 14 16 18 20 22 24 26 28 30 32 34 36 38 40 42 44 46
 48 50 52 54 56 58 60 62 64 66 68 70 72]",5,18.0
48,R7,P18,40.474484274852585,0.024706923829078048,[16.76 16.77 16.78 ... 71.97 71.98 71.99],"[20.271773   20.27524494 20.27871748 ... 52.18161295 52.19055009
 52.19948877]",40.924428074296664,0.024435283449399464,"[ 0  2  4  6  8 10 12 14 16 18 20 22 24 26 28 30 32 34 36 38 40 42 44 46
 48 50 52 54 56 58 60 62 64 66 68 70 72]",7,18.0
20,R4,P18,26.83181286228693,0.03726919254887677,[0.000e+00 1.000e-02 2.000e-02 ... 5.124e+01 5.125e+01 5.126e+01],"[14.68449948 14.68829342 14.69208834 ... 55.17319466 55.18744941
 55.20170785]",30.245294092449342,0.03306299475691484,"[ 0  2  4  6  8 10 12 14 16 18 20 22 24 26 28 30 32 34 36 38 40 42 44 46
 48 50 52 54 56 58 60 62 64 66 68 70 72]",4,18.0
14,R3,P19,34.833032473850075,0.02870838192886944,[0.000e+00 1.000e-02 2.000e-02 ... 3.749e+01 3.750e+01 3.751e+01],"[43.92014245 43.92888305 43.93762539 ... 92.60948573 92.62791605
 92.64635003]",38.765730421026994,0.025795979829070576,[ 0  4  8 12 16 20 24 28 32 36 40 44 48],3,19.0
37,R6,P19,35.97328372439983,0.027798407497665375,[ 0.76  0.77  0.78 ... 71.97 71.98 71.99],"[19.17231836 19.17601291 19.17970818 ... 75.60855065 75.6231206
 75.63769336]",35.92033056268659,0.027839387453710757,"[ 0  2  4  6  8 10 12 14 16 18 20 22 24 26 28 30 32 34 36 38 40 42 44 46
 48 50 52 54 56 58 60 62 64 66 68 70 72]",6,19.0
49,R7,P20,70.75186372424206,0.014133903297551794,[ 0.76  0.77  0.78 ... 71.97 71.98 71.99],"[17.21291533 17.21460174 17.21628832 ... 34.58069153 34.58407952
 34.58746784]",70.5770447099314,0.014168912910847384,"[ 0  2  4  6  8 10 12 14 16 18 20 22 24 26 28 30 32 34 36 38 40 42 44 46
 48 50 52 54 56 58 60 62 64 66 68 70 72]",7,20.0
21,R4,P20,26.284660472208575,0.03804500351287873,[0.000e+00 1.000e-02 2.000e-02 ... 5.199e+01 5.200e+01 5.201e+01],"[12.28763979 12.29088056 12.29412219 ... 48.40538529 48.41815185
 48.43092178]",30.677875999468203,0.03259678082072354,"[ 0  2  4  6  8 10 12 14 16 18 20 22 24 26 28 30 32 34 36 38 40 42 44 46
 48 50 52 54 56 58 60 62 64 66 68 70]",4,20.0
38,R6,P20,65.51762833439032,0.015263067748670296,[ 0.76  0.77  0.78 ... 71.97 71.98 71.99],"[10.88962942 10.89078155 10.89193381 ... 23.13116474 23.13361205
 23.13605961]",64.01293571989312,0.015621842503455639,"[ 0  2  4  6  8 10 12 14 16 18 20 22 24 26 28 30 32 34 36 38 40 42 44 46
 48 50 52 54 56 58 60 62 64 66 68 70 72]",6,20.0
15,R3,P22,39.64857722210852,0.025221585995332717,[ 6.51  6.52  6.53 ... 71.97 71.98 71.99],"[19.8139481  19.81741233 19.82087717 ... 62.22616766 62.23704716
 62.24792856]",42.16455494050107,0.02371660275819613,[ 0  4  8 12 16 20 24 28 32 36 40 44 48 52 56 60 64 68 72],3,22.0
28,R5,P22,32.9485158145506,0.030350380746388083,[0.000e+00 1.000e-02 2.000e-02 ... 4.874e+01 4.875e+01 4.876e+01],"[34.02959305 34.0367527  34.04391387 ... 94.87759605 94.89755782
 94.91752378]",41.51076917375187,0.024090134196605564,"[ 0  2  4  6  8 10 12 14 16 18 20 22 24 26 28 30 32 34 36 38 40 42 44 46
 48 50 52 54 56 58 60 62 64 66 68 70]",5,22.0
50,R7,P22,67.9324711061673,0.014720500869711689,[17.26 17.27 17.28 ... 71.97 71.98 71.99],"[22.8575432  22.85987559 22.86220821 ... 39.94538819 39.94946421
 39.95354065]",68.6974843642976,0.014556573785105074,"[ 0  2  4  6  8 10 12 14 16 18 20 22 24 26 28 30 32 34 36 38 40 42 44 46
 48 50 52 54 56 58 60 62 64 66 68 70 72]",7,22.0
8,R2,P23,35.243728212277745,0.028373842687041073,[11.51 11.52 11.53 ... 71.97 71.98 71.99],"[16.10956354 16.11273216 16.1159014  ... 52.90484816 52.91525411
 52.92566211]",39.48607920853635,0.025325380996141383,[ 0  4  8 12 16 20 24 28 32 36 40 44 48 52 56 60 64 68 72],2,23.0
51,R7,P24,38.03656888393335,0.026290489109347615,[ 1.27  1.28  1.29 ... 71.97 71.98 71.99],"[16.69357134 16.69661371 16.69965665 ... 60.54593956 60.55697396
 60.56801037]",37.96267364709568,0.026341664164544552,"[ 0  2  4  6  8 10 12 14 16 18 20 22 24 26 28 30 32 34 36 38 40 42 44 46
 48 50 52 54 56 58 60 62 64 66 68 70 72]",7,24.0
39,R6,P24,42.40542608661293,0.023581887797979054,[ 0.76  0.77  0.78 ... 71.97 71.98 71.99],"[23.05198085 23.05574917 23.0595181  ... 73.82743094 73.83949955
 73.85157014]",42.395591469677974,0.023587358150557153,"[ 0  2  4  6  8 10 12 14 16 18 20 22 24 26 28 30 32 34 36 38 40 42 44 46
 48 50 52 54 56 58 60 62 64 66 68 70 72]",6,24.0
29,R5,P25,68.18480520386203,0.014666024153184196,[ 1.27  1.28  1.29 ... 71.97 71.98 71.99],"[ 58.69830569  58.7042731   58.71024111 ... 120.43699972 120.44924363
 120.46148877]",63.993647458984036,0.015626551067290516,"[ 2  4  6  8 10 12 14 16 18 20 22 24 26 28 30 32 34 36 38 40 42 44 46 48
 50 52 54 56 58 60]",5,25.0
40,R6,P27,54.69353553434707,0.018283696422806833,[ 0.76  0.77  0.78 ... 71.97 71.98 71.99],"[19.65481301 19.65730408 19.65979546 ... 48.46235994 48.46850211
 48.47464505]",54.92144320238018,0.018207824516101975,"[ 0  2  4  6  8 10 12 14 16 18 20 22 24 26 28 30 32 34 36 38 40 42 44 46
 48 50 52 54 56 58 60 62 64 66 68 70 72]",6,27.0
30,R5,P27,150.02516284512924,0.006665548505568352,[ 0.76  0.77  0.78 ... 71.97 71.98 71.99],"[13.54712954 13.54775546 13.5483814  ... 18.82488308 18.82575285
 18.82662266]",146.31418476351413,0.006834607332271221,"[ 0  2  4  6  8 10 12 14 16 18 20 22 24 26 28 30 32 34 36 38 40 42 44 46
 48 50 52 54 56 58 60 62 64 66 68 70 72]",5,27.0
52,R7,P27,83.48963561040259,0.011977534608803618,[24.76 24.77 24.78 ... 71.97 71.98 71.99],"[24.63702133 24.63906683 24.6411125  ... 36.4593098  36.46233685
 36.46536415]",92.56198399491434,0.010803571367430318,"[ 0  2  4  6  8 10 12 14 16 18 20 22 24 26 28 30 32 34 36 38 40 42 44 46
 48 50 52 54 56 58 60 62 64 66 68 70 72]",7,27.0
31,R5,P29,200.0,0.0,0,21.90593902076101,393.3365246991955,0.0025423522536198516,"[ 0 14 16 18 20 22 24 26 28 32 40 42 44 46 48 50 52 54 56 58 60 62 64 66
 68 70 72]",5,29.0
53,R7,P29,35.82109017916574,0.027916514963623858,"[0.   0.01 0.02 0.03 0.04 0.05 0.06 0.07 0.08 0.09 0.1  0.11 0.12 0.13
 0.14 0.15 0.16 0.17 0.18 0.19 0.2  0.21 0.22 0.23 0.24 0.25 0.26 0.27
 0.28 0.29 0.3  0.31 0.32 0.33 0.34 0.35 0.36 0.37 0.38 0.39 0.4  0.41
 0.42 0.43 0.44 0.45 0.46 0.47 0.48 0.49 0.5  0.51 0.52 0.53 0.54 0.55
 0.56 0.57 0.58 0.59 0.6  0.61 0.62 0.63 0.64 0.65 0.66 0.67 0.68 0.69
 0.7  0.71 0.72 0.73 0.74 0.75 0.76 0.77 0.78 0.79 0.8  0.81 0.82 0.83
 0.84 0.85 0.86 0.87 0.88 0.89 0.9  0.91 0.92 0.93 0.94 0.95 0.96 0.97
 0.98 0.99 1.   1.01 1.02 1.03 1.04 1.05 1.06 1.07 1.08 1.09 1.1  1.11
 1.12 1.13 1.14 1.15 1.16 1.17 1.18 1.19 1.2  1.21 1.22 1.23 1.24 1.25
 1.26 1.27 1.28 1.29 1.3  1.31 1.32 1.33 1.34 1.35 1.36 1.37 1.38 1.39
 1.4  1.41 1.42 1.43 1.44 1.45 1.46 1.47 1.48 1.49 1.5  1.51 1.52 1.53
 1.54 1.55 1.56 1.57 1.58 1.59 1.6  1.61 1.62 1.63 1.64 1.65 1.66 1.67
 1.68 1.69 1.7  1.71 1.72 1.73 1.74 1.75 1.76 1.77 1.78 1.79 1.8  1.81
 1.82 1.83 1.84 1.85 1.86 1.87 1.88 1.89 1.9  1.91 1.92 1.93 1.94 1.95
 1.96 1.97 1.98 1.99 2.   2.01 2.02 2.03 2.04 2.05 2.06 2.07 2.08 2.09
 2.1  2.11 2.12 2.13 2.14 2.15 2.16 2.17 2.18 2.19 2.2  2.21 2.22 2.23
 2.24 2.25 2.26 2.27 2.28 2.29 2.3  2.31 2.32 2.33 2.34 2.35 2.36 2.37
 2.38 2.39 2.4  2.41 2.42 2.43 2.44 2.45 2.46 2.47 2.48 2.49 2.5  2.51
 2.52 2.53 2.54 2.55 2.56 2.57 2.58 2.59 2.6  2.61 2.62 2.63 2.64 2.65
 2.66 2.67 2.68 2.69 2.7  2.71 2.72 2.73 2.74 2.75 2.76 2.77 2.78 2.79
 2.8  2.81 2.82 2.83 2.84 2.85 2.86 2.87 2.88 2.89 2.9  2.91 2.92 2.93
 2.94 2.95 2.96 2.97 2.98 2.99 3.   3.01 3.02 3.03 3.04 3.05 3.06 3.07
 3.08 3.09 3.1  3.11 3.12 3.13 3.14 3.15 3.16 3.17 3.18 3.19 3.2  3.21
 3.22 3.23 3.24 3.25 3.26 3.27 3.28 3.29 3.3  3.31 3.32 3.33 3.34 3.35
 3.36 3.37 3.38 3.39 3.4  3.41 3.42 3.43 3.44 3.45 3.46 3.47 3.48 3.49
 3.5  3.51 3.52 3.53 3.54 3.55 3.56 3.57 3.58 3.59 3.6  3.61 3.62 3.63
 3.64 3.65 3.66 3.67 3.68 3.69 3.7  3.71 3.72 3.73 3.74 3.75 3.76 3.77
 3.78 3.79 3.8  3.81 3.82 3.83 3.84 3.85 3.86 3.87 3.88 3.89 3.9  3.91
 3.92 3.93 3.94 3.95 3.96 3.97 3.98 3.99 4.   4.01 4.02 4.03 4.04 4.05
 4.06 4.07 4.08 4.09 4.1  4.11 4.12 4.13 4.14 4.15 4.16 4.17 4.18 4.19
 4.2  4.21 4.22 4.23 4.24 4.25 4.26 4.27 4.28 4.29 4.3  4.31 4.32 4.33
 4.34 4.35 4.36 4.37 4.38 4.39 4.4  4.41 4.42 4.43 4.44 4.45 4.46 4.47
 4.48 4.49 4.5  4.51 4.52 4.53 4.54 4.55 4.56 4.57 4.58 4.59 4.6  4.61
 4.62 4.63 4.64 4.65 4.66 4.67 4.68 4.69 4.7  4.71 4.72 4.73 4.74 4.75
 4.76 4.77 4.78 4.79 4.8  4.81 4.82 4.83 4.84 4.85 4.86 4.87 4.88 4.89
 4.9  4.91 4.92 4.93 4.94 4.95 4.96 4.97 4.98 4.99 5.   5.01 5.02 5.03
 5.04 5.05 5.06 5.07 5.08 5.09 5.1  5.11 5.12 5.13 5.14 5.15 5.16 5.17
 5.18 5.19 5.2  5.21 5.22 5.23 5.24 5.25 5.26 5.27 5.28 5.29 5.3  5.31
 5.32 5.33 5.34 5.35 5.36 5.37 5.38 5.39 5.4  5.41 5.42 5.43 5.44 5.45
 5.46 5.47 5.48 5.49 5.5  5.51 5.52 5.53 5.54 5.55 5.56 5.57 5.58 5.59
 5.6  5.61 5.62 5.63 5.64 5.65 5.66 5.67 5.68 5.69 5.7  5.71 5.72 5.73
 5.74 5.75 5.76 5.77 5.78 5.79 5.8  5.81 5.82 5.83 5.84 5.85 5.86 5.87
 5.88 5.89 5.9  5.91 5.92 5.93 5.94 5.95 5.96 5.97 5.98 5.99 6.   6.01]","[6.41302777 6.41426883 6.41551013 6.41675167 6.41799344 6.41923546
 6.42047772 6.42172022 6.42296296 6.42420594 6.42544916 6.42669262
 6.42793632 6.42918026 6.43042445 6.43166887 6.43291354 6.43415844
 6.43540359 6.43664898 6.4378946  6.43914047 6.44038658 6.44163294
 6.44287953 6.44412636 6.44537344 6.44662075 6.44786831 6.44911611
 6.45036415 6.45161244 6.45286096 6.45410973 6.45535873 6.45660798
 6.45785747 6.45910721 6.46035718 6.4616074  6.46285786 6.46410856
 6.4653595  6.46661068 6.46786211 6.46911378 6.47036569 6.47161784
 6.47287024 6.47412288 6.47537576 6.47662888 6.47788225 6.47913585
 6.4803897  6.4816438  6.48289813 6.48415271 6.48540753 6.4866626
 6.4879179  6.48917345 6.49042925 6.49168528 6.49294156 6.49419808
 6.49545485 6.49671186 6.49796911 6.49922661 6.50048434 6.50174233
 6.50300055 6.50425902 6.50551773 6.50677669 6.50803589 6.50929533
 6.51055502 6.51181495 6.51307512 6.51433554 6.5155962  6.51685711
 6.51811826 6.51937966 6.52064129 6.52190318 6.5231653  6.52442768
 6.52569029 6.52695315 6.52821625 6.5294796  6.5307432  6.53200703
 6.53327112 6.53453544 6.53580001 6.53706483 6.53832989 6.5395952
 6.54086075 6.54212654 6.54339258 6.54465887 6.5459254  6.54719218
 6.5484592  6.54972646 6.55099397 6.55226173 6.55352973 6.55479798
 6.55606647 6.55733521 6.5586042  6.55987342 6.5611429  6.56241262
 6.56368259 6.5649528  6.56622326 6.56749396 6.56876491 6.57003611
 6.57130755 6.57257924 6.57385117 6.57512335 6.57639578 6.57766845
 6.57894137 6.58021453 6.58148794 6.5827616  6.5840355  6.58530966
 6.58658405 6.5878587  6.58913359 6.59040873 6.59168411 6.59295974
 6.59423562 6.59551174 6.59678811 6.59806473 6.5993416  6.60061871
 6.60189607 6.60317368 6.60445153 6.60572964 6.60700799 6.60828658
 6.60956543 6.61084452 6.61212386 6.61340344 6.61468328 6.61596336
 6.61724369 6.61852427 6.61980509 6.62108616 6.62236748 6.62364905
 6.62493087 6.62621294 6.62749525 6.62877781 6.63006062 6.63134368
 6.63262698 6.63391054 6.63519434 6.63647839 6.63776269 6.63904724
 6.64033204 6.64161708 6.64290237 6.64418792 6.64547371 6.64675975
 6.64804604 6.64933258 6.65061936 6.6519064  6.65319369 6.65448122
 6.655769   6.65705704 6.65834532 6.65963385 6.66092263 6.66221166
 6.66350094 6.66479047 6.66608025 6.66737028 6.66866055 6.66995108
 6.67124186 6.67253289 6.67382416 6.67511569 6.67640747 6.67769949
 6.67899177 6.6802843  6.68157707 6.6828701  6.68416338 6.68545691
 6.68675069 6.68804471 6.68933899 6.69063352 6.6919283  6.69322333
 6.69451861 6.69581414 6.69710993 6.69840596 6.69970224 6.70099878
 6.70229556 6.7035926  6.70488989 6.70618743 6.70748522 6.70878326
 6.71008155 6.71138009 6.71267889 6.71397794 6.71527723 6.71657678
 6.71787658 6.71917663 6.72047694 6.72177749 6.7230783  6.72437936
 6.72568067 6.72698223 6.72828404 6.72958611 6.73088843 6.732191
 6.73349382 6.73479689 6.73610022 6.7374038  6.73870763 6.74001171
 6.74131605 6.74262064 6.74392548 6.74523057 6.74653592 6.74784151
 6.74914737 6.75045347 6.75175982 6.75306643 6.7543733  6.75568041
 6.75698778 6.7582954  6.75960327 6.7609114  6.76221978 6.76352841
 6.7648373  6.76614644 6.76745583 6.76876548 6.77007538 6.77138553
 6.77269594 6.7740066  6.77531752 6.77662868 6.7779401  6.77925178
 6.78056371 6.78187589 6.78318833 6.78450102 6.78581397 6.78712717
 6.78844062 6.78975433 6.79106829 6.7923825  6.79369697 6.7950117
 6.79632668 6.79764191 6.7989574  6.80027314 6.80158914 6.80290539
 6.8042219  6.80553866 6.80685568 6.80817295 6.80949048 6.81080826
 6.81212629 6.81344458 6.81476313 6.81608193 6.81740099 6.8187203
 6.82003987 6.82135969 6.82267977 6.8240001  6.82532069 6.82664154
 6.82796264 6.82928399 6.8306056  6.83192747 6.83324959 6.83457197
 6.83589461 6.8372175  6.83854065 6.83986405 6.84118771 6.84251162
 6.8438358  6.84516022 6.84648491 6.84780985 6.84913504 6.8504605
 6.85178621 6.85311217 6.8544384  6.85576488 6.85709161 6.85841861
 6.85974586 6.86107336 6.86240113 6.86372915 6.86505742 6.86638596
 6.86771475 6.8690438  6.8703731  6.87170267 6.87303249 6.87436257
 6.8756929  6.87702349 6.87835434 6.87968545 6.88101682 6.88234844
 6.88368032 6.88501246 6.88634486 6.88767751 6.88901042 6.89034359
 6.89167702 6.89301071 6.89434465 6.89567885 6.89701331 6.89834803
 6.89968301 6.90101824 6.90235374 6.90368949 6.9050255  6.90636177
 6.9076983  6.90903508 6.91037213 6.91170943 6.913047   6.91438482
 6.9157229  6.91706124 6.91839984 6.91973869 6.92107781 6.92241719
 6.92375682 6.92509671 6.92643687 6.92777728 6.92911795 6.93045888
 6.93180008 6.93314153 6.93448324 6.93582521 6.93716744 6.93850993
 6.93985267 6.94119568 6.94253895 6.94388248 6.94522627 6.94657032
 6.94791463 6.9492592  6.95060403 6.95194912 6.95329447 6.95464008
 6.95598595 6.95733208 6.95867847 6.96002512 6.96137204 6.96271921
 6.96406664 6.96541434 6.96676229 6.96811051 6.96945899 6.97080773
 6.97215673 6.97350599 6.97485551 6.97620529 6.97755533 6.97890564
 6.98025621 6.98160703 6.98295812 6.98430948 6.98566109 6.98701296
 6.9883651  6.98971749 6.99107015 6.99242307 6.99377626 6.9951297
 6.99648341 6.99783738 6.99919161 7.0005461  7.00190085 7.00325587
 7.00461115 7.00596669 7.00732249 7.00867856 7.01003489 7.01139148
 7.01274833 7.01410545 7.01546283 7.01682047 7.01817837 7.01953654
 7.02089497 7.02225366 7.02361261 7.02497183 7.02633131 7.02769106
 7.02905107 7.03041134 7.03177187 7.03313267 7.03449373 7.03585505
 7.03721664 7.03857849 7.03994061 7.04130298 7.04266563 7.04402853
 7.0453917  7.04675513 7.04811883 7.04948279 7.05084702 7.05221151
 7.05357626 7.05494128 7.05630656 7.0576721  7.05903791 7.06040399
 7.06177032 7.06313693 7.06450379 7.06587093 7.06723832 7.06860598
 7.06997391 7.0713421  7.07271055 7.07407927 7.07544826 7.07681751
 7.07818702 7.0795568  7.08092685 7.08229716 7.08366773 7.08503857
 7.08640968 7.08778105 7.08915268 7.09052459 7.09189675 7.09326919
 7.09464188 7.09601485 7.09738808 7.09876157 7.10013534 7.10150936
 7.10288366 7.10425821 7.10563304 7.10700813 7.10838349 7.10975911
 7.111135   7.11251116 7.11388758 7.11526427 7.11664122 7.11801844
 7.11939593 7.12077369 7.12215171 7.12352999 7.12490855 7.12628737
 7.12766646 7.12904581 7.13042544 7.13180532 7.13318548 7.1345659
 7.13594659 7.13732755 7.13870878 7.14009027 7.14147203 7.14285405
 7.14423635 7.14561891 7.14700174 7.14838483 7.1497682  7.15115183
 7.15253573 7.1539199  7.15530433 7.15668904 7.15807401 7.15945925
 7.16084476 7.16223053 7.16361658 7.16500289 7.16638947 7.16777632
 7.16916343 7.17055082 7.17193847 7.1733264  7.17471459 7.17610305
 7.17749178 7.17888077 7.18027004 7.18165957 7.18304938 7.18443945
 7.18582979 7.1872204  7.18861128 7.19000243 7.19139385 7.19278554
 7.1941775  7.19556972 7.19696222 7.19835498 7.19974802 7.20114132
 7.2025349  7.20392874]",256.9521361055055,0.0038917753911545468,"[ 0  2 18 20 22 24 26 28 30 34 40 42 44 46 48 50 52 54 56 58 60 64 66 68
 72]",7,29.0
41,R6,P30,9.754928774356927,0.10251228103568834,"[0.   0.01 0.02 0.03 0.04 0.05 0.06 0.07 0.08 0.09 0.1  0.11 0.12 0.13
 0.14 0.15 0.16 0.17 0.18 0.19 0.2  0.21 0.22 0.23 0.24 0.25 0.26 0.27
 0.28 0.29 0.3  0.31 0.32 0.33 0.34 0.35 0.36 0.37 0.38 0.39 0.4  0.41
 0.42 0.43 0.44 0.45 0.46 0.47 0.48 0.49 0.5  0.51 0.52 0.53 0.54 0.55
 0.56 0.57 0.58 0.59 0.6  0.61 0.62 0.63 0.64 0.65 0.66 0.67 0.68 0.69
 0.7  0.71 0.72 0.73 0.74 0.75 0.76 0.77 0.78 0.79 0.8  0.81 0.82 0.83
 0.84 0.85 0.86 0.87 0.88 0.89 0.9  0.91 0.92 0.93 0.94 0.95 0.96 0.97
 0.98 0.99 1.   1.01 1.02 1.03 1.04 1.05 1.06 1.07 1.08 1.09 1.1  1.11
 1.12 1.13 1.14 1.15 1.16 1.17 1.18 1.19 1.2  1.21 1.22 1.23 1.24 1.25
 1.26 1.27 1.28 1.29 1.3  1.31 1.32 1.33 1.34 1.35 1.36 1.37 1.38 1.39
 1.4  1.41 1.42 1.43 1.44 1.45 1.46 1.47 1.48 1.49 1.5  1.51 1.52 1.53
 1.54 1.55 1.56 1.57 1.58 1.59 1.6  1.61 1.62 1.63 1.64 1.65 1.66 1.67
 1.68 1.69 1.7  1.71 1.72 1.73 1.74 1.75 1.76 1.77 1.78 1.79 1.8  1.81
 1.82 1.83 1.84 1.85 1.86 1.87 1.88 1.89 1.9  1.91 1.92 1.93 1.94 1.95
 1.96 1.97 1.98 1.99 2.   2.01 2.02 2.03 2.04 2.05 2.06 2.07 2.08 2.09
 2.1  2.11 2.12 2.13 2.14 2.15 2.16 2.17 2.18 2.19 2.2  2.21 2.22 2.23
 2.24 2.25 2.26 2.27 2.28 2.29 2.3  2.31 2.32 2.33 2.34 2.35 2.36 2.37
 2.38 2.39 2.4  2.41 2.42 2.43 2.44 2.45 2.46 2.47 2.48 2.49 2.5  2.51
 2.52 2.53 2.54 2.55 2.56 2.57 2.58 2.59 2.6  2.61 2.62 2.63 2.64 2.65
 2.66 2.67 2.68 2.69 2.7  2.71 2.72 2.73 2.74 2.75 2.76 2.77 2.78 2.79
 2.8  2.81 2.82 2.83 2.84 2.85 2.86 2.87 2.88 2.89 2.9  2.91 2.92 2.93
 2.94 2.95 2.96 2.97 2.98 2.99 3.   3.01 3.02 3.03 3.04 3.05 3.06 3.07
 3.08 3.09 3.1  3.11 3.12 3.13 3.14 3.15 3.16 3.17 3.18 3.19 3.2  3.21
 3.22 3.23 3.24 3.25 3.26 3.27 3.28 3.29 3.3  3.31 3.32 3.33 3.34 3.35
 3.36 3.37 3.38 3.39 3.4  3.41 3.42 3.43 3.44 3.45 3.46 3.47 3.48 3.49
 3.5  3.51 3.52 3.53 3.54 3.55 3.56 3.57 3.58 3.59 3.6  3.61 3.62 3.63
 3.64 3.65 3.66 3.67 3.68 3.69 3.7  3.71 3.72 3.73 3.74 3.75 3.76 3.77
 3.78 3.79 3.8  3.81 3.82 3.83 3.84 3.85 3.86 3.87 3.88 3.89 3.9  3.91
 3.92 3.93 3.94 3.95 3.96 3.97 3.98 3.99 4.   4.01 4.02 4.03 4.04 4.05
 4.06 4.07 4.08 4.09 4.1  4.11 4.12 4.13 4.14 4.15 4.16 4.17 4.18 4.19
 4.2  4.21 4.22 4.23 4.24 4.25 4.26 4.27 4.28 4.29 4.3  4.31 4.32 4.33
 4.34 4.35 4.36 4.37 4.38 4.39 4.4  4.41 4.42 4.43 4.44 4.45 4.46 4.47
 4.48 4.49 4.5  4.51 4.52 4.53 4.54 4.55 4.56 4.57 4.58 4.59 4.6  4.61
 4.62 4.63 4.64 4.65 4.66 4.67 4.68 4.69 4.7  4.71 4.72 4.73 4.74 4.75
 4.76 4.77 4.78 4.79 4.8  4.81 4.82 4.83 4.84 4.85 4.86 4.87 4.88 4.89
 4.9  4.91 4.92 4.93 4.94 4.95 4.96 4.97 4.98 4.99 5.   5.01 5.02 5.03
 5.04 5.05 5.06 5.07 5.08 5.09 5.1  5.11 5.12 5.13 5.14 5.15 5.16 5.17
 5.18 5.19 5.2  5.21 5.22 5.23 5.24 5.25 5.26 5.27 5.28 5.29 5.3  5.31
 5.32 5.33 5.34 5.35 5.36 5.37 5.38 5.39 5.4  5.41 5.42 5.43 5.44 5.45
 5.46 5.47 5.48 5.49 5.5  5.51 5.52 5.53 5.54 5.55 5.56 5.57 5.58 5.59
 5.6  5.61 5.62 5.63 5.64 5.65 5.66 5.67 5.68 5.69 5.7  5.71 5.72 5.73
 5.74 5.75 5.76 5.77 5.78 5.79 5.8  5.81 5.82 5.83 5.84 5.85 5.86 5.87
 5.88 5.89 5.9  5.91 5.92 5.93 5.94 5.95 5.96 5.97 5.98 5.99 6.   6.01]","[4.85740181 4.86085452 4.86430968 4.8677673  4.87122737 4.87468991
 4.8781549  4.88162236 4.88509228 4.88856467 4.89203953 4.89551686
 4.89899666 4.90247893 4.90596368 4.9094509  4.91294061 4.91643279
 4.91992746 4.92342461 4.92692425 4.93042637 4.93393098 4.93743809
 4.94094769 4.94445978 4.94797437 4.95149145 4.95501104 4.95853313
 4.96205772 4.96558482 4.96911442 4.97264654 4.97618116 4.9797183
 4.98325795 4.98680012 4.9903448  4.99389201 4.99744173 5.00099398
 5.00454876 5.00810606 5.01166589 5.01522825 5.01879314 5.02236056
 5.02593052 5.02950302 5.03307806 5.03665564 5.04023577 5.04381843
 5.04740365 5.05099141 5.05458172 5.05817459 5.06177001 5.06536798
 5.06896851 5.0725716  5.07617726 5.07978547 5.08339625 5.0870096
 5.09062551 5.094244   5.09786506 5.10148869 5.10511489 5.10874368
 5.11237504 5.11600899 5.11964552 5.12328463 5.12692633 5.13057062
 5.1342175  5.13786697 5.14151903 5.14517369 5.14883095 5.15249081
 5.15615327 5.15981833 5.163486   5.16715628 5.17082916 5.17450466
 5.17818277 5.18186349 5.18554683 5.18923278 5.19292136 5.19661256
 5.20030638 5.20400283 5.2077019  5.21140361 5.21510794 5.21881491
 5.22252452 5.22623676 5.22995164 5.23366916 5.23738932 5.24111213
 5.24483758 5.24856568 5.25229643 5.25602984 5.25976589 5.26350461
 5.26724598 5.27099001 5.2747367  5.27848605 5.28223807 5.28599276
 5.28975011 5.29351014 5.29727284 5.30103821 5.30480626 5.30857699
 5.31235039 5.31612648 5.31990526 5.32368672 5.32747087 5.33125771
 5.33504724 5.33883946 5.34263438 5.346432   5.35023231 5.35403533
 5.35784105 5.36164947 5.36546061 5.36927445 5.373091   5.37691027
 5.38073225 5.38455695 5.38838436 5.3922145  5.39604736 5.39988294
 5.40372125 5.40756229 5.41140606 5.41525256 5.41910179 5.42295376
 5.42680847 5.43066592 5.43452611 5.43838904 5.44225472 5.44612315
 5.44999433 5.45386826 5.45774494 5.46162438 5.46550658 5.46939153
 5.47327925 5.47716973 5.48106298 5.48495899 5.48885777 5.49275933
 5.49666366 5.50057076 5.50448064 5.5083933  5.51230874 5.51622696
 5.52014797 5.52407177 5.52799835 5.53192773 5.53585989 5.53979486
 5.54373262 5.54767318 5.55161654 5.5555627  5.55951167 5.56346345
 5.56741803 5.57137543 5.57533564 5.57929866 5.5832645  5.58723316
 5.59120464 5.59517895 5.59915608 5.60313603 5.60711882 5.61110443
 5.61509288 5.61908416 5.62307829 5.62707525 5.63107505 5.63507769
 5.63908318 5.64309152 5.6471027  5.65111674 5.65513363 5.65915337
 5.66317598 5.66720144 5.67122976 5.67526095 5.679295   5.68333192
 5.68737171 5.69141437 5.6954599  5.69950831 5.7035596  5.70761377
 5.71167082 5.71573075 5.71979357 5.72385927 5.72792787 5.73199936
 5.73607374 5.74015102 5.7442312  5.74831427 5.75240025 5.75648914
 5.76058093 5.76467563 5.76877324 5.77287376 5.77697719 5.78108355
 5.78519282 5.78930501 5.79342013 5.79753817 5.80165914 5.80578304
 5.80990986 5.81403963 5.81817232 5.82230796 5.82644654 5.83058805
 5.83473251 5.83887992 5.84303027 5.84718358 5.85133984 5.85549905
 5.85966121 5.86382634 5.86799443 5.87216548 5.87633949 5.88051647
 5.88469642 5.88887935 5.89306524 5.89725411 5.90144596 5.90564079
 5.9098386  5.91403939 5.91824317 5.92244993 5.92665969 5.93087244
 5.93508819 5.93930693 5.94352867 5.94775341 5.95198115 5.9562119
 5.96044565 5.96468242 5.9689222  5.97316499 5.97741079 5.98165962
 5.98591146 5.99016633 5.99442422 5.99868514 6.00294908 6.00721606
 6.01148607 6.01575912 6.0200352  6.02431432 6.02859648 6.03288169
 6.03716995 6.04146125 6.0457556  6.050053   6.05435346 6.05865698
 6.06296356 6.06727319 6.07158589 6.07590166 6.08022049 6.08454239
 6.08886737 6.09319542 6.09752654 6.10186075 6.10619803 6.1105384
 6.11488185 6.11922839 6.12357802 6.12793074 6.13228656 6.13664547
 6.14100748 6.14537259 6.14974081 6.15411213 6.15848655 6.16286409
 6.16724473 6.1716285  6.17601537 6.18040537 6.18479848 6.18919472
 6.19359408 6.19799657 6.20240219 6.20681095 6.21122283 6.21563785
 6.22005601 6.22447731 6.22890175 6.23332934 6.23776007 6.24219396
 6.24663099 6.25107118 6.25551453 6.25996103 6.2644107  6.26886353
 6.27331952 6.27777868 6.28224101 6.28670651 6.29117519 6.29564704
 6.30012207 6.30460028 6.30908168 6.31356626 6.31805402 6.32254498
 6.32703913 6.33153648 6.33603702 6.34054076 6.3450477  6.34955785
 6.3540712  6.35858776 6.36310753 6.36763051 6.37215671 6.37668612
 6.38121876 6.38575461 6.3902937  6.394836   6.39938154 6.4039303
 6.4084823  6.41303754 6.41759601 6.42215773 6.42672268 6.43129089
 6.43586233 6.44043703 6.44501498 6.44959618 6.45418064 6.45876836
 6.46335934 6.46795359 6.47255109 6.47715187 6.48175592 6.48636324
 6.49097383 6.4955877  6.50020486 6.50482529 6.50944901 6.51407601
 6.5187063  6.52333989 6.52797677 6.53261694 6.53726041 6.54190719
 6.54655726 6.55121064 6.55586733 6.56052733 6.56519064 6.56985727
 6.57452721 6.57920047 6.58387706 6.58855697 6.5932402  6.59792677
 6.60261666 6.60730989 6.61200646 6.61670636 6.6214096  6.62611619
 6.63082612 6.6355394  6.64025604 6.64497602 6.64969936 6.65442605
 6.65915611 6.66388953 6.66862631 6.67336646 6.67810998 6.68285687
 6.68760713 6.69236078 6.6971178  6.7018782  6.70664198 6.71140915
 6.71617971 6.72095367 6.72573101 6.73051175 6.73529589 6.74008343
 6.74487437 6.74966872 6.75446647 6.75926764 6.76407222 6.76888021
 6.77369162 6.77850646 6.78332471 6.78814639 6.79297149 6.79780003
 6.802632   6.8074674  6.81230624 6.81714852 6.82199424 6.82684341
 6.83169602 6.83655208 6.84141159 6.84627456 6.85114099 6.85601087
 6.86088421 6.86576102 6.8706413  6.87552504 6.88041226 6.88530295
 6.89019712 6.89509476 6.89999589 6.9049005  6.90980859 6.91472018
 6.91963526 6.92455383 6.92947589 6.93440146 6.93933052 6.94426309
 6.94919917 6.95413875 6.95908185 6.96402846 6.96897858 6.97393223
 6.97888939 6.98385008 6.9888143  6.99378204 6.99875331 7.00372812
 7.00870647 7.01368835 7.01867377 7.02366274 7.02865526 7.03365132
 7.03865093 7.0436541  7.04866083 7.05367111 7.05868495 7.06370236
 7.06872334 7.07374788 7.078776   7.08380769 7.08884295 7.0938818
 7.09892422 7.10397024 7.10901983 7.11407302 7.1191298  7.12419017
 7.12925414 7.13432171 7.13939289 7.14446766 7.14954605 7.15462804
 7.15971365 7.16480287 7.16989571 7.17499217 7.18009225 7.18519595
 7.19030329 7.19541425 7.20052885 7.20564708 7.21076895 7.21589447
 7.22102362 7.22615642 7.23129287 7.23643297 7.24157673 7.24672414
 7.25187521 7.25702994 7.26218833 7.26735039 7.27251612 7.27768553
 7.2828586  7.28803536 7.29321579 7.29839991 7.30358771 7.3087792
 7.31397438 7.31917325 7.32437581 7.32958208 7.33479205 7.34000572
 7.34522309 7.35044417 7.35566897 7.36089748 7.3661297  7.37136565
 7.37660531 7.3818487  7.38709582 7.39234667 7.39760125 7.40285956
 7.40812162 7.41338741 7.41865694 7.42393023 7.42920726 7.43448804
 7.43977257 7.44506086]",326.43125645183414,0.003063432132295067,[ 4  8 16 18 44 52 60],6,30.0
23,R5,Doxo,200.0,0.0,0,24.01924871639619,412.52293247348246,0.0024241076587039954,[ 0 14 58 72],5,
33,R6,Doxo,103.96516480012443,0.009618606404582963,[ 0.76  0.77  0.78 ... 71.97 71.98 71.99],"[16.63396055 16.6350696  16.63617871 ... 26.74135701 26.74313995
 26.744923  ]",109.54714056763194,0.009128490208127546,"[ 0  2  4  6  8 10 12 14 16 18 20 22 24 26 28 30 32 34 36 38 40 42 44 46
 48 50 52 54 56 58 60 62 64]",6,
43,R7,Blank,1.6692815340688618,0.5990601223285009,"[0.   0.01 0.02 0.03 0.04 0.05 0.06 0.07 0.08 0.09 0.1  0.11 0.12 0.13
 0.14 0.15 0.16 0.17 0.18 0.19 0.2  0.21 0.22 0.23 0.24 0.25 0.26 0.27
 0.28 0.29 0.3  0.31 0.32 0.33 0.34 0.35 0.36 0.37 0.38 0.39 0.4  0.41
 0.42 0.43 0.44 0.45 0.46 0.47 0.48 0.49 0.5  0.51 0.52 0.53 0.54 0.55
 0.56 0.57 0.58 0.59 0.6  0.61 0.62 0.63 0.64 0.65 0.66 0.67 0.68 0.69
 0.7  0.71 0.72 0.73 0.74 0.75 0.76 0.77 0.78 0.79 0.8  0.81 0.82 0.83
 0.84 0.85 0.86 0.87 0.88 0.89 0.9  0.91 0.92 0.93 0.94 0.95 0.96 0.97
 0.98 0.99 1.   1.01 1.02 1.03 1.04 1.05 1.06 1.07 1.08 1.09 1.1  1.11
 1.12 1.13 1.14 1.15 1.16 1.17 1.18 1.19 1.2  1.21 1.22 1.23 1.24 1.25
 1.26 1.27 1.28 1.29 1.3  1.31 1.32 1.33 1.34 1.35 1.36 1.37 1.38 1.39
 1.4  1.41 1.42 1.43 1.44 1.45 1.46 1.47 1.48 1.49 1.5  1.51 1.52 1.53
 1.54 1.55 1.56 1.57 1.58 1.59 1.6  1.61 1.62 1.63 1.64 1.65 1.66 1.67
 1.68 1.69 1.7  1.71 1.72 1.73 1.74 1.75 1.76 1.77 1.78 1.79 1.8  1.81
 1.82 1.83 1.84 1.85 1.86 1.87 1.88 1.89 1.9  1.91 1.92 1.93 1.94 1.95
 1.96 1.97 1.98 1.99 2.   2.01 2.02 2.03 2.04 2.05 2.06 2.07 2.08 2.09
 2.1  2.11 2.12 2.13 2.14 2.15 2.16 2.17 2.18 2.19 2.2  2.21 2.22 2.23
 2.24 2.25 2.26 2.27 2.28 2.29 2.3  2.31 2.32 2.33 2.34 2.35 2.36 2.37
 2.38 2.39 2.4  2.41 2.42 2.43 2.44 2.45 2.46 2.47 2.48 2.49 2.5  2.51
 2.52 2.53 2.54 2.55 2.56 2.57 2.58 2.59 2.6  2.61 2.62 2.63 2.64 2.65
 2.66 2.67 2.68 2.69 2.7  2.71 2.72 2.73 2.74 2.75 2.76 2.77 2.78 2.79
 2.8  2.81 2.82 2.83 2.84 2.85 2.86 2.87 2.88 2.89 2.9  2.91 2.92 2.93
 2.94 2.95 2.96 2.97 2.98 2.99 3.   3.01 3.02 3.03 3.04 3.05 3.06 3.07
 3.08 3.09 3.1  3.11 3.12 3.13 3.14 3.15 3.16 3.17 3.18 3.19 3.2  3.21
 3.22 3.23 3.24 3.25 3.26 3.27 3.28 3.29 3.3  3.31 3.32 3.33 3.34 3.35
 3.36 3.37 3.38 3.39 3.4  3.41 3.42 3.43 3.44 3.45 3.46 3.47 3.48 3.49
 3.5  3.51 3.52 3.53 3.54 3.55 3.56 3.57 3.58 3.59 3.6  3.61 3.62 3.63
 3.64 3.65 3.66 3.67 3.68 3.69 3.7  3.71 3.72 3.73 3.74 3.75 3.76 3.77
 3.78 3.79 3.8  3.81 3.82 3.83 3.84 3.85 3.86 3.87 3.88 3.89 3.9  3.91
 3.92 3.93 3.94 3.95 3.96 3.97 3.98 3.99 4.   4.01 4.02 4.03 4.04 4.05
 4.06 4.07 4.08 4.09 4.1  4.11 4.12 4.13 4.14 4.15 4.16 4.17 4.18 4.19
 4.2  4.21 4.22 4.23 4.24 4.25 4.26 4.27 4.28 4.29 4.3  4.31 4.32 4.33
 4.34 4.35 4.36 4.37 4.38 4.39 4.4  4.41 4.42 4.43 4.44 4.45 4.46 4.47
 4.48 4.49 4.5  4.51 4.52 4.53 4.54 4.55 4.56 4.57 4.58 4.59 4.6  4.61
 4.62 4.63 4.64 4.65 4.66 4.67 4.68 4.69 4.7  4.71 4.72 4.73 4.74 4.75
 4.76 4.77 4.78 4.79 4.8  4.81 4.82 4.83 4.84 4.85 4.86 4.87 4.88 4.89
 4.9  4.91 4.92 4.93 4.94 4.95 4.96 4.97 4.98 4.99 5.   5.01 5.02 5.03
 5.04 5.05 5.06 5.07 5.08 5.09 5.1  5.11 5.12 5.13 5.14 5.15 5.16 5.17
 5.18 5.19 5.2  5.21 5.22 5.23 5.24 5.25 5.26]","[0.23583909 0.23682042 0.23780583 0.23879534 0.23978897 0.24078673
 0.24178864 0.24279473 0.243805   0.24481947 0.24583816 0.2468611
 0.24788829 0.24891975 0.24995551 0.25099557 0.25203996 0.2530887
 0.2541418  0.25519929 0.25626117 0.25732748 0.25839822 0.25947341
 0.26055308 0.26163724 0.26272592 0.26381912 0.26491687 0.26601919
 0.2671261  0.26823761 0.26935375 0.27047453 0.27159997 0.2727301
 0.27386493 0.27500448 0.27614878 0.27729783 0.27845167 0.27961031
 0.28077376 0.28194206 0.28311523 0.28429327 0.28547621 0.28666408
 0.28785689 0.28905466 0.29025742 0.29146518 0.29267797 0.2938958
 0.2951187  0.29634669 0.29757979 0.29881802 0.3000614  0.30130996
 0.30256371 0.30382268 0.30508688 0.30635635 0.3076311  0.30891115
 0.31019653 0.31148726 0.31278336 0.31408485 0.31539176 0.31670411
 0.31802191 0.3193452  0.320674   0.32200832 0.3233482  0.32469365
 0.3260447  0.32740138 0.32876369 0.33013168 0.33150536 0.33288475
 0.33426989 0.33566078 0.33705747 0.33845996 0.3398683  0.34128249
 0.34270257 0.34412855 0.34556047 0.34699835 0.34844221 0.34989208
 0.35134798 0.35280994 0.35427798 0.35575213 0.35723242 0.35871886
 0.36021149 0.36171033 0.36321541 0.36472675 0.36624438 0.36776832
 0.36929861 0.37083526 0.3723783  0.37392777 0.37548368 0.37704607
 0.37861496 0.38019038 0.38177235 0.38336091 0.38495607 0.38655788
 0.38816634 0.3897815  0.39140339 0.39303202 0.39466742 0.39630963
 0.39795868 0.39961459 0.40127738 0.4029471  0.40462376 0.4063074
 0.40799805 0.40969573 0.41140047 0.41311231 0.41483127 0.41655738
 0.41829068 0.42003119 0.42177894 0.42353396 0.42529629 0.42706595
 0.42884297 0.43062738 0.43241922 0.43421852 0.43602531 0.43783961
 0.43966146 0.44149089 0.44332793 0.44517262 0.44702499 0.44888506
 0.45075287 0.45262845 0.45451184 0.45640307 0.45830216 0.46020915
 0.46212409 0.46404698 0.46597788 0.46791682 0.46986382 0.47181893
 0.47378217 0.47575357 0.47773318 0.47972103 0.48171715 0.48372158
 0.48573434 0.48775549 0.48978504 0.49182303 0.49386951 0.4959245
 0.49798804 0.50006017 0.50214092 0.50423033 0.50632844 0.50843527
 0.51055087 0.51267527 0.51480851 0.51695063 0.51910167 0.52126165
 0.52343062 0.52560861 0.52779567 0.52999183 0.53219713 0.5344116
 0.53663529 0.53886823 0.54111046 0.54336202 0.54562295 0.54789329
 0.55017307 0.55246235 0.55476114 0.5570695  0.55938747 0.56171508
 0.56405238 0.5663994  0.56875619 0.57112279 0.57349923 0.57588556
 0.57828182 0.58068805 0.5831043  0.58553059 0.58796699 0.59041352
 0.59287023 0.59533716 0.59781436 0.60030187 0.60279973 0.60530798
 0.60782666 0.61035583 0.61289552 0.61544578 0.61800665 0.62057818
 0.62316041 0.62575338 0.62835714 0.63097173 0.63359721 0.63623361
 0.63888098 0.64153936 0.64420881 0.64688936 0.64958107 0.65228398
 0.65499813 0.65772358 0.66046037 0.66320854 0.66596815 0.66873925
 0.67152187 0.67431608 0.67712191 0.67993941 0.68276864 0.68560964
 0.68846247 0.69132716 0.69420377 0.69709235 0.69999296 0.70290563
 0.70583042 0.70876738 0.71171656 0.71467802 0.71765179 0.72063794
 0.72363652 0.72664757 0.72967115 0.73270732 0.73575611 0.73881759
 0.74189181 0.74497883 0.74807869 0.75119144 0.75431715 0.75745587
 0.76060764 0.76377253 0.76695059 0.77014187 0.77334643 0.77656433
 0.77979561 0.78304034 0.78629858 0.78957036 0.79285577 0.79615484
 0.79946764 0.80279423 0.80613466 0.80948898 0.81285727 0.81623957
 0.81963594 0.82304645 0.82647115 0.8299101  0.83336335 0.83683098
 0.84031303 0.84380958 0.84732067 0.85084637 0.85438675 0.85794185
 0.86151175 0.8650965  0.86869617 0.87231081 0.8759405  0.87958529
 0.88324524 0.88692043 0.89061091 0.89431674 0.89803799 0.90177473
 0.90552701 0.90929491 0.91307849 0.91687781 0.92069294 0.92452395
 0.92837089 0.93223384 0.93611287 0.94000804 0.94391941 0.94784706
 0.95179106 0.95575146 0.95972834 0.96372177 0.96773182 0.97175855
 0.97580204 0.97986236 0.98393957 0.98803374 0.99214495 0.99627327
 1.00041876 1.0045815  1.00876157 1.01295903 1.01717395 1.02140641
 1.02565649 1.02992425 1.03420976 1.03851311 1.04283436 1.0471736
 1.05153089 1.05590631 1.06029994 1.06471185 1.06914212 1.07359082
 1.07805803 1.08254383 1.0870483  1.09157151 1.09611354 1.10067447
 1.10525438 1.10985334 1.11447144 1.11910876 1.12376537 1.12844136
 1.13313681 1.13785179 1.14258639 1.1473407  1.15211478 1.15690874
 1.16172263 1.16655656 1.17141061 1.17628485 1.18117937 1.18609426
 1.1910296  1.19598548 1.20096197 1.20595918 1.21097718 1.21601605
 1.2210759  1.2261568  1.23125884 1.23638211 1.24152669 1.24669269
 1.25188018 1.25708925 1.26232    1.26757252 1.27284689 1.27814321
 1.28346156 1.28880205 1.29416475 1.29954978 1.3049572  1.31038713
 1.31583966 1.32131487 1.32681286 1.33233373 1.33787757 1.34344448
 1.34903456 1.35464789 1.36028458 1.36594473 1.37162843 1.37733578
 1.38306687 1.38882181 1.3946007  1.40040364 1.40623072 1.41208205
 1.41795772 1.42385785 1.42978252 1.43573185 1.44170593 1.44770487
 1.45372877 1.45977774 1.46585188 1.47195129 1.47807608 1.48422636
 1.49040223 1.49660379 1.50283116 1.50908444 1.51536375 1.52166918
 1.52800085 1.53435886 1.54074333 1.54715436 1.55359207 1.56005657
 1.56654797 1.57306638 1.57961191 1.58618468 1.59278479 1.59941237
 1.60606753 1.61275038 1.61946104 1.62619962 1.63296624 1.63976101
 1.64658406 1.6534355  1.66031544 1.66722402 1.67416134 1.68112753
 1.6881227  1.69514698 1.70220049 1.70928335 1.71639568 1.72353761
 1.73070925 1.73791073 1.74514218 1.75240372 1.75969547 1.76701757
 1.77437013 1.78175329 1.78916717 1.79661189 1.8040876  1.81159441
 1.81913246 1.82670187 1.83430278 1.84193531 1.84959961 1.8572958
 1.86502401 1.87278437 1.88057703 1.88840212 1.89625976 1.9041501
 1.91207327 1.92002941 1.92801865 1.93604114 1.94409701 1.9521864
 1.96030945 1.9684663  1.97665709 1.98488197 1.99314106 2.00143453
 2.0097625  2.01812512 2.02652254 2.03495491 2.04342236 2.05192504
 2.0604631  2.06903669 2.07764596 2.08629105 2.09497211]",21.325132651950934,0.046893026004624395,[ 0  2 16 18 20 48],7,
44,R7,Doxo,71.33654775948925,0.014018059906283862,"[0.   0.01 0.02 0.03 0.04 0.05 0.06 0.07 0.08 0.09 0.1  0.11 0.12 0.13
 0.14 0.15 0.16 0.17 0.18 0.19 0.2  0.21 0.22 0.23 0.24 0.25 0.26 0.27
 0.28 0.29 0.3  0.31 0.32 0.33 0.34 0.35 0.36 0.37 0.38 0.39 0.4  0.41
 0.42 0.43 0.44 0.45 0.46 0.47 0.48 0.49 0.5  0.51 0.52 0.53 0.54 0.55
 0.56 0.57 0.58 0.59 0.6  0.61 0.62 0.63 0.64 0.65 0.66 0.67 0.68 0.69
 0.7  0.71 0.72 0.73 0.74 0.75 0.76 0.77 0.78 0.79 0.8  0.81 0.82 0.83
 0.84 0.85 0.86 0.87 0.88 0.89 0.9  0.91 0.92 0.93 0.94 0.95 0.96 0.97
 0.98 0.99 1.   1.01 1.02 1.03 1.04 1.05 1.06 1.07 1.08 1.09 1.1  1.11
 1.12 1.13 1.14 1.15 1.16 1.17 1.18 1.19 1.2  1.21 1.22 1.23 1.24 1.25
 1.26 1.27 1.28 1.29 1.3  1.31 1.32 1.33 1.34 1.35 1.36 1.37 1.38 1.39
 1.4  1.41 1.42 1.43 1.44 1.45 1.46 1.47 1.48 1.49 1.5  1.51 1.52 1.53
 1.54 1.55 1.56 1.57 1.58 1.59 1.6  1.61 1.62 1.63 1.64 1.65 1.66 1.67
 1.68 1.69 1.7  1.71 1.72 1.73 1.74 1.75 1.76 1.77 1.78 1.79 1.8  1.81
 1.82 1.83 1.84 1.85 1.86 1.87 1.88 1.89 1.9  1.91 1.92 1.93 1.94 1.95
 1.96 1.97 1.98 1.99 2.   2.01 2.02 2.03 2.04 2.05 2.06 2.07 2.08 2.09
 2.1  2.11 2.12 2.13 2.14 2.15 2.16 2.17 2.18 2.19 2.2  2.21 2.22 2.23
 2.24 2.25 2.26 2.27 2.28 2.29 2.3  2.31 2.32 2.33 2.34 2.35 2.36 2.37
 2.38 2.39 2.4  2.41 2.42 2.43 2.44 2.45 2.46 2.47 2.48 2.49 2.5  2.51
 2.52 2.53 2.54 2.55 2.56 2.57 2.58 2.59 2.6  2.61 2.62 2.63 2.64 2.65
 2.66 2.67 2.68 2.69 2.7  2.71 2.72 2.73 2.74 2.75 2.76 2.77 2.78 2.79
 2.8  2.81 2.82 2.83 2.84 2.85 2.86 2.87 2.88 2.89 2.9  2.91 2.92 2.93
 2.94 2.95 2.96 2.97 2.98 2.99 3.   3.01 3.02 3.03 3.04 3.05 3.06 3.07
 3.08 3.09 3.1  3.11 3.12 3.13 3.14 3.15 3.16 3.17 3.18 3.19 3.2  3.21
 3.22 3.23 3.24 3.25 3.26 3.27 3.28 3.29 3.3  3.31 3.32 3.33 3.34 3.35
 3.36 3.37 3.38 3.39 3.4  3.41 3.42 3.43 3.44 3.45 3.46 3.47 3.48 3.49
 3.5  3.51 3.52 3.53 3.54 3.55 3.56 3.57 3.58 3.59 3.6  3.61 3.62 3.63
 3.64 3.65 3.66 3.67 3.68 3.69 3.7  3.71 3.72 3.73 3.74 3.75 3.76 3.77
 3.78 3.79 3.8  3.81 3.82 3.83 3.84 3.85 3.86 3.87 3.88 3.89 3.9  3.91
 3.92 3.93 3.94 3.95 3.96 3.97 3.98 3.99 4.   4.01 4.02 4.03 4.04 4.05
 4.06 4.07 4.08 4.09 4.1  4.11 4.12 4.13 4.14 4.15 4.16 4.17 4.18 4.19
 4.2  4.21 4.22 4.23 4.24 4.25 4.26 4.27 4.28 4.29 4.3  4.31 4.32 4.33
 4.34 4.35 4.36 4.37 4.38 4.39 4.4  4.41 4.42 4.43 4.44 4.45 4.46 4.47
 4.48 4.49 4.5  4.51 4.52 4.53 4.54 4.55 4.56 4.57 4.58 4.59 4.6  4.61
 4.62 4.63 4.64 4.65 4.66 4.67 4.68 4.69 4.7  4.71 4.72 4.73 4.74 4.75
 4.76 4.77 4.78 4.79 4.8  4.81 4.82 4.83 4.84 4.85 4.86 4.87 4.88 4.89
 4.9  4.91 4.92 4.93 4.94 4.95 4.96 4.97 4.98 4.99 5.   5.01 5.02 5.03
 5.04 5.05 5.06 5.07 5.08 5.09 5.1  5.11 5.12 5.13 5.14 5.15 5.16 5.17
 5.18 5.19 5.2  5.21 5.22 5.23 5.24 5.25 5.26 5.27 5.28 5.29 5.3  5.31
 5.32 5.33 5.34 5.35 5.36 5.37 5.38 5.39 5.4  5.41 5.42 5.43 5.44 5.45
 5.46 5.47 5.48 5.49 5.5  5.51 5.52 5.53 5.54 5.55 5.56 5.57 5.58 5.59
 5.6  5.61 5.62 5.63 5.64 5.65 5.66 5.67 5.68 5.69 5.7  5.71 5.72 5.73
 5.74 5.75 5.76 5.77 5.78 5.79 5.8  5.81 5.82 5.83 5.84 5.85 5.86 5.87
 5.88 5.89 5.9  5.91 5.92 5.93 5.94 5.95 5.96 5.97 5.98 5.99 6.   6.01
 6.02 6.03 6.04 6.05 6.06 6.07 6.08 6.09 6.1  6.11 6.12 6.13 6.14 6.15
 6.16 6.17 6.18 6.19 6.2  6.21 6.22 6.23 6.24 6.25 6.26 6.27 6.28 6.29
 6.3  6.31 6.32 6.33 6.34 6.35 6.36 6.37 6.38 6.39 6.4  6.41 6.42 6.43
 6.44 6.45 6.46 6.47 6.48 6.49 6.5  6.51 6.52 6.53 6.54 6.55 6.56 6.57
 6.58 6.59 6.6  6.61 6.62 6.63 6.64 6.65 6.66 6.67 6.68 6.69 6.7  6.71
 6.72 6.73 6.74 6.75 6.76]","[14.72952819 14.73095946 14.73239088 14.73382243 14.73525413 14.73668596
 14.73811793 14.73955004 14.74098229 14.74241468 14.74384721 14.74527987
 14.74671268 14.74814563 14.74957871 14.75101193 14.7524453  14.7538788
 14.75531244 14.75674622 14.75818014 14.7596142  14.7610484  14.76248274
 14.76391722 14.76535184 14.76678659 14.76822149 14.76965653 14.7710917
 14.77252701 14.77396247 14.77539806 14.7768338  14.77826967 14.77970568
 14.78114183 14.78257812 14.78401455 14.78545112 14.78688783 14.78832468
 14.78976167 14.7911988  14.79263607 14.79407348 14.79551102 14.79694871
 14.79838654 14.7998245  14.80126261 14.80270086 14.80413924 14.80557777
 14.80701643 14.80845524 14.80989419 14.81133327 14.81277249 14.81421186
 14.81565136 14.81709101 14.81853079 14.81997072 14.82141078 14.82285098
 14.82429133 14.82573181 14.82717244 14.8286132  14.8300541  14.83149515
 14.83293633 14.83437766 14.83581912 14.83726072 14.83870247 14.84014435
 14.84158638 14.84302854 14.84447085 14.84591329 14.84735588 14.8487986
 14.85024147 14.85168447 14.85312762 14.8545709  14.85601433 14.8574579
 14.8589016  14.86034545 14.86178944 14.86323356 14.86467783 14.86612224
 14.86756679 14.86901148 14.87045631 14.87190128 14.87334639 14.87479164
 14.87623703 14.87768256 14.87912823 14.88057405 14.88202    14.88346609
 14.88491233 14.8863587  14.88780522 14.88925187 14.89069867 14.8921456
 14.89359268 14.8950399  14.89648726 14.89793476 14.8993824  14.90083018
 14.9022781  14.90372616 14.90517436 14.90662271 14.90807119 14.90951982
 14.91096858 14.91241749 14.91386653 14.91531572 14.91676505 14.91821452
 14.91966413 14.92111388 14.92256378 14.92401381 14.92546398 14.9269143
 14.92836475 14.92981535 14.93126609 14.93271697 14.93416799 14.93561915
 14.93707045 14.93852189 14.93997347 14.9414252  14.94287707 14.94432907
 14.94578122 14.94723351 14.94868594 14.95013851 14.95159122 14.95304408
 14.95449707 14.95595021 14.95740349 14.9588569  14.96031046 14.96176417
 14.96321801 14.96467199 14.96612612 14.96758038 14.96903479 14.97048934
 14.97194403 14.97339886 14.97485383 14.97630895 14.9777642  14.9792196
 14.98067514 14.98213082 14.98358664 14.9850426  14.9864987  14.98795495
 14.98941134 14.99086787 14.99232454 14.99378135 14.9952383  14.9966954
 14.99815263 14.99961001 15.00106753 15.00252519 15.003983   15.00544094
 15.00689903 15.00835725 15.00981562 15.01127414 15.01273279 15.01419158
 15.01565052 15.0171096  15.01856882 15.02002818 15.02148768 15.02294733
 15.02440712 15.02586705 15.02732712 15.02878733 15.03024769 15.03170818
 15.03316882 15.0346296  15.03609052 15.03755159 15.0390128  15.04047414
 15.04193563 15.04339727 15.04485904 15.04632096 15.04778302 15.04924522
 15.05070756 15.05217005 15.05363267 15.05509544 15.05655835 15.05802141
 15.0594846  15.06094794 15.06241142 15.06387504 15.06533881 15.06680271
 15.06826676 15.06973095 15.07119529 15.07265976 15.07412438 15.07558914
 15.07705404 15.07851909 15.07998428 15.0814496  15.08291508 15.08438069
 15.08584645 15.08731235 15.08877839 15.09024457 15.0917109  15.09317737
 15.09464398 15.09611074 15.09757763 15.09904467 15.10051185 15.10197918
 15.10344664 15.10491425 15.10638201 15.1078499  15.10931794 15.11078612
 15.11225444 15.11372291 15.11519152 15.11666027 15.11812916 15.1195982
 15.12106738 15.1225367  15.12400616 15.12547577 15.12694552 15.12841541
 15.12988545 15.13135563 15.13282595 15.13429641 15.13576702 15.13723777
 15.13870866 15.1401797  15.14165088 15.1431222  15.14459366 15.14606527
 15.14753702 15.14900892 15.15048095 15.15195313 15.15342546 15.15489792
 15.15637053 15.15784328 15.15931618 15.16078922 15.1622624  15.16373572
 15.16520919 15.1666828  15.16815656 15.16963046 15.1711045  15.17257868
 15.17405301 15.17552748 15.17700209 15.17847685 15.17995175 15.18142679
 15.18290198 15.18437731 15.18585278 15.1873284  15.18880416 15.19028006
 15.19175611 15.1932323  15.19470864 15.19618511 15.19766173 15.1991385
 15.20061541 15.20209246 15.20356965 15.20504699 15.20652447 15.2080021
 15.20947987 15.21095778 15.21243584 15.21391404 15.21539238 15.21687087
 15.2183495  15.21982828 15.22130719 15.22278626 15.22426546 15.22574481
 15.22722431 15.22870394 15.23018372 15.23166365 15.23314372 15.23462393
 15.23610429 15.23758479 15.23906543 15.24054622 15.24202715 15.24350822
 15.24498944 15.24647081 15.24795231 15.24943397 15.25091576 15.2523977
 15.25387978 15.25536201 15.25684438 15.2583269  15.25980956 15.26129236
 15.26277531 15.2642584  15.26574163 15.26722501 15.26870854 15.27019221
 15.27167602 15.27315998 15.27464408 15.27612832 15.27761271 15.27909724
 15.28058192 15.28206674 15.28355171 15.28503682 15.28652207 15.28800747
 15.28949302 15.2909787  15.29246454 15.29395051 15.29543663 15.2969229
 15.29840931 15.29989586 15.30138256 15.30286941 15.30435639 15.30584353
 15.3073308  15.30881822 15.31030579 15.3117935  15.31328135 15.31476935
 15.3162575  15.31774579 15.31923422 15.3207228  15.32221152 15.32370039
 15.3251894  15.32667855 15.32816785 15.3296573  15.33114689 15.33263663
 15.33412651 15.33561653 15.3371067  15.33859702 15.34008747 15.34157808
 15.34306883 15.34455972 15.34605076 15.34754194 15.34903327 15.35052475
 15.35201636 15.35350813 15.35500004 15.35649209 15.35798429 15.35947663
 15.36096912 15.36246175 15.36395453 15.36544745 15.36694052 15.36843373
 15.36992709 15.3714206  15.37291425 15.37440804 15.37590198 15.37739606
 15.37889029 15.38038467 15.38187919 15.38337385 15.38486866 15.38636362
 15.38785872 15.38935396 15.39084936 15.39234489 15.39384057 15.3953364
 15.39683237 15.39832849 15.39982475 15.40132116 15.40281772 15.40431442
 15.40581126 15.40730825 15.40880539 15.41030267 15.4118001  15.41329767
 15.41479539 15.41629325 15.41779126 15.41928942 15.42078772 15.42228616
 15.42378475 15.42528349 15.42678237 15.4282814  15.42978057 15.43127989
 15.43277936 15.43427897 15.43577873 15.43727863 15.43877868 15.44027887
 15.44177921 15.4432797  15.44478033 15.44628111 15.44778203 15.4492831
 15.45078431 15.45228567 15.45378718 15.45528883 15.45679063 15.45829257
 15.45979466 15.4612969  15.46279928 15.46430181 15.46580448 15.4673073
 15.46881027 15.47031338 15.47181664 15.47332004 15.4748236  15.47632729
 15.47783113 15.47933512 15.48083926 15.48234354 15.48384797 15.48535254
 15.48685726 15.48836212 15.48986714 15.49137229 15.4928776  15.49438305
 15.49588865 15.49739439 15.49890028 15.50040632 15.5019125  15.50341883
 15.5049253  15.50643192 15.50793869 15.50944561 15.51095267 15.51245987
 15.51396723 15.51547473 15.51698237 15.51849017 15.51999811 15.52150619
 15.52301443 15.5245228  15.52603133 15.52754    15.52904882 15.53055779
 15.5320669  15.53357616 15.53508556 15.53659512 15.53810481 15.53961466
 15.54112465 15.54263479 15.54414508 15.54565551 15.54716609 15.54867682
 15.55018769 15.55169871 15.55320987 15.55472119 15.55623265 15.55774425
 15.55925601 15.56076791 15.56227996 15.56379215 15.56530449 15.56681698
 15.56832962 15.5698424  15.57135533 15.57286841 15.57438163 15.575895
 15.57740852 15.57892218 15.58043599 15.58194995 15.58346406 15.58497831
 15.58649271 15.58800726 15.58952195 15.5910368  15.59255178 15.59406692
 15.5955822  15.59709763 15.59861321 15.60012894 15.60164481 15.60316083
 15.604677   15.60619331 15.60770977 15.60922638 15.61074314 15.61226004
 15.61377709 15.61529429 15.61681164 15.61832913 15.61984677 15.62136456
 15.6228825  15.62440058 15.62591881 15.62743719 15.62895572 15.63047439
 15.63199321 15.63351218 15.6350313  15.63655056 15.63806997 15.63958953
 15.64110924 15.64262909 15.64414909 15.64566924 15.64718954 15.64870999
 15.65023058 15.65175132 15.65327221 15.65479325 15.65631443 15.65783576
 15.65935724 15.66087887 15.66240065 15.66392257 15.66544464 15.66696686
 15.66848923 15.67001174 15.6715344  15.67305722 15.67458017 15.67610328
 15.67762654 15.67914994 15.68067349 15.68219719 15.68372104 15.68524503
 15.68676917 15.68829347 15.68981791 15.69134249 15.69286723 15.69439211
 15.69591714 15.69744233 15.69896765 15.70049313 15.70201876 15.70354453
 15.70507045 15.70659652 15.70812274 15.7096491  15.71117562 15.71270228
 15.71422909 15.71575605 15.71728316 15.71881042 15.72033782 15.72186537
 15.72339308 15.72492093 15.72644892 15.72797707 15.72950537]",1780.3678780042828,0.0005616816683532606,[ 0  2  4 56 72],7,
