,Plate_Name,Passage_Lineage,Passage_Number,Lineage,AllGroups,Doubling_Time_Trees,Exponential_Doubling_Rate_Trees,Selected_Times_Trees,Selected_Cell_Density_Trees,Doubling_Time_RANSAC,Exponential_Doubling_Rate_RANSAC,Selected_Times_RANSAC,Int_Plate,Int_Passage
10,Plate 2,P23 LIN1-0B-b1,P23,LIN1-0B-b1,P22-24,37.67447827718237,0.026543167834805884,[12.76 12.77 12.78 ... 71.97 71.98 71.99],"[15.19846925 15.20126577 15.20406281 ... 45.17570121 45.18401354
 45.19232741]",39.06924925620586,0.025595577571564356,"[ 4  6  8 10 12 14 16 18 20 22 24 26 28 30 32 34 36 38 40 42 44 46 48 50
 52 54 56 58 60 62 64 66 68 70 72]",2,23
4,Plate 1,P20 LIN1-0B-b1,P20,LIN1-0B-b1,P19-21,25.935161299454876,0.0385576934900736,[0.000e+00 1.000e-02 2.000e-02 ... 5.349e+01 5.350e+01 5.351e+01],"[15.69774523 15.7019412  15.70613829 ... 65.56874927 65.58627561
 65.60380665]",28.418532013853092,0.035188305979792806,[ 4  8 12 16 20 24 28 32 36 40 44 48 52 56 60 64 68 72],1,20
3,Plate 1,P17 LIN2-0A-b1,P17,LIN2-0A-b1,P16-18,26.43880385223608,0.03782319372649774,[0.000e+00 1.000e-02 2.000e-02 ... 4.949e+01 4.950e+01 4.951e+01],"[20.64916152 20.65457583 20.65999156 ... 75.57730415 75.59712088
 75.61694281]",31.87647528330918,0.03137109705863902,[ 4  8 12 16 20 24 28 32 36 40 44 48 52 56 60 64 68 72],1,17
9,Plate 2,P20 LIN2-0A-b1,P20,LIN2-0A-b1,P19-21,34.642757639702424,0.028866062292164277,[0.000e+00 1.000e-02 2.000e-02 ... 5.799e+01 5.800e+01 5.801e+01],"[23.75139534 23.7561481  23.76090181 ... 75.78725342 75.80241878
 75.81758717]",38.67521101935441,0.025856355366737766,"[ 4  6  8 10 12 14 16 18 20 22 24 26 28 30 32 34 36 38 40 42 44 46 48 50
 52 54 56 58 60 62 64 66 68 70 72]",2,20
16,Plate 3,P25 LIN2-0A-b1-s1,P25,LIN2-0A-b1-s1,P25-27,30.362625567338473,0.03293522814033958,[15.27 15.28 15.29 ... 71.97 71.98 71.99],"[15.42830921 15.43183174 15.43535507 ... 56.29502382 56.30787685
 56.32073282]",31.87109406748205,0.031376393853397584,"[ 4  6  8 10 12 14 16 18 20 22 24 26 28 30 32 34 36 38 40 42 44 46 48 50
 52 54 56 58 60 62 64 66 68 70 72]",3,25
51,Plate 7,P29 LIN2-0A-b1-s1-ss1,P29,LIN2-0A-b1-s1-ss1,P28-31,30.521857179637845,0.03276340604421456,[12.76 12.77 12.78 ... 71.97 71.98 71.99],"[14.47001033 14.47329683 14.47658407 ... 55.51921711 55.53182688
 55.54443951]",31.25664329519017,0.0319931987115802,"[ 4  6  8 10 12 14 16 18 20 22 24 26 28 30 32 34 36 38 40 42 44 46 48 50
 52 54 56 58 60 62 64 66 68 70 72]",7,29
2,Plate 1,P14 LIN3-0A-b2,P14,LIN3-0A-b2,P13-15,22.10283480230426,0.04524306537800971,[0.000e+00 1.000e-02 2.000e-02 ... 4.449e+01 4.450e+01 4.451e+01],"[21.86301192 21.86986926 21.87672875 ... 88.23531213 88.26298715
 88.29067086]",41.16954759387639,0.02428979812614558,[20 24 28 32 36 40 44 48 52 56 60 64 68 72],1,14
8,Plate 2,P17 LIN3-0A-b2,P17,LIN3-0A-b2,P16-18,24.00489757042843,0.04165816567498698,[0.000e+00 1.000e-02 2.000e-02 ... 6.074e+01 6.075e+01 6.076e+01],"[15.23262622 15.23702532 15.24142568 ... 87.99866751 88.024081
 88.04950184]",25.711385495838115,0.038893275516477685,"[ 4  6  8 10 12 14 16 18 20 22 24 26 28 30 32 34 36 38 40 42 44 46 48 50
 52 54 56 58 60 62 64 66 68 70 72]",2,17
15,Plate 3,P22 LIN3-0A-b2-s1,P22,LIN3-0A-b2-s1,P22-24,31.00052089521484,0.032257522490673936,[0.000e+00 1.000e-02 2.000e-02 ... 4.124e+01 4.125e+01 4.126e+01],"[38.0909683  38.09948609 38.10800578 ... 95.78164346 95.80306187
 95.82448507]",33.523602747156396,0.02982972944591476,[ 4  6  8 10 12 14 16 18 20 22 24 26 28 30 32 34 36 38 40 42 44 46 48],3,22
42,Plate 6,P34 LIN3-0A-b2-s1-ss1,P34,LIN3-0A-b2-s1-ss1,P32-35,322.6578015933423,0.0030992587039948205,[49.26 49.27 49.28 ... 71.97 71.98 71.99],[2.69111113 2.69116895 2.69122676 ... 2.82565658 2.82571728 2.82577799],-192.41130353680927,-0.005197199861019053,"[ 4  6  8 10 12 14 16 18 20 22 24 26 28 30 32 34 36 38 40 42 44 46 48 50
 52 54 56 58 60 62 64 66 68 70 72]",6,34
32,Plate 5,P33 LIN3-0A-b2-s1-ss1,P33,LIN3-0A-b2-s1-ss1,P32-35,199.73018814894942,0.0050067544083733945,[26.01 26.02 26.03 ... 71.97 71.98 71.99],"[15.11883823 15.11936292 15.11988764 ... 17.73325922 17.73387465
 17.7344901 ]",223.79594268738376,0.004468356253432533,"[20 22 24 26 28 30 32 34 36 38 40 42 44 46 48 50 52 54 56 58 60 62 64 66
 68 70 72]",5,33
31,Plate 5,P32 LIN3-0A-b2-s1-ss1-sss1,P32,LIN3-0A-b2-s1-ss1-sss1,P32-35,52.9142986259965,0.0188984835094971,[0.000e+00 1.000e-02 2.000e-02 ... 6.124e+01 6.125e+01 6.126e+01],[3.69875852 3.69924307 3.69972768 ... 8.24994354 8.2510243  8.25210521],55.419991232876654,0.018044030281382878,"[ 4  6  8 10 12 14 16 18 20 22 24 26 28 30 32 34 36 38 40 42 44 46 48 50
 52 54 56 58 60 62 64 66 68 70 72]",5,32
30,Plate 5,P29 LIN3-0A-b2-s1-ss2,P29,LIN3-0A-b2-s1-ss2,P28-31,46.97205074597278,0.02128925571949265,[0.000e+00 1.000e-02 2.000e-02 ... 4.474e+01 4.475e+01 4.476e+01],"[50.0901711  50.09756325 50.10495648 ... 96.93440683 96.94871209
 96.96301947]",65.28734247704774,0.015316904656542844,"[ 4  6  8 10 12 14 16 18 20 22 24 26 28 30 32 34 36 38 40 42 44 46 48 50
 52 54 56 58 60 62 64 66 68]",5,29
53,Plate 7,P34 LIN3-0A-b2-s1-ss2,P34,LIN3-0A-b2-s1-ss2,P32-35,89.10876159186196,0.011222241024740344,[28.76 28.77 28.78 ... 71.97 71.98 71.99],[2.85622186 2.85644405 2.85666625 ... 3.99728679 3.99759774 3.99790871],98.33916942722443,0.010168888000829076,"[22 24 26 28 30 32 34 36 38 40 42 44 46 48 50 52 54 56 58 60 62 64 66 68
 70 72]",7,34
41,Plate 6,P31 LIN3-0A-b2-s1-ss2,P31,LIN3-0A-b2-s1-ss2,P28-31,38.70267049082231,0.02583801033153858,[20.76 20.77 20.78 ... 71.97 71.98 71.99],"[17.94102173 17.94423517 17.94744919 ... 44.89101019 44.89905069
 44.90709262]",43.67115457734401,0.022898409938508613,"[ 4  6  8 10 12 14 16 18 20 22 24 26 28 30 32 34 36 38 40 42 44 46 48 50
 52 54 56 58 60 62 64 66 68 70 72]",6,31
22,Plate 4,P24 LIN3-0A-b2-s2-ss1,P24,LIN3-0A-b2-s2-ss1,P22-24,25.860235618724875,0.038669407918152154,[0.000e+00 1.000e-02 2.000e-02 ... 4.999e+01 5.000e+01 5.001e+01],"[12.76022719 12.76364785 12.76706943 ... 48.72755108 48.74061356
 48.75367955]",32.893288082677294,0.030401338944483127,"[ 4  6  8 10 12 14 16 18 20 22 24 26 28 30 32 34 36 38 40 42 44 46 48 50
 52 54 56 58 60 62 64 66 68 70 72]",4,24
52,Plate 7,P33 LIN3-0A-b2-s2-ss1-ss1,P33,LIN3-0A-b2-s2-ss1-ss1,P32-35,57.50981713336428,0.017388335589400627,[15.27 15.28 15.29 ... 71.97 71.98 71.99],"[14.47790903 14.47965411 14.4813994  ... 28.67457065 28.67802691
 28.68148359]",61.1838527179386,0.016344181603111244,"[ 4  6  8 10 12 14 16 18 20 22 24 26 28 30 32 34 36 38 40 42 44 46 48 50
 52 54 56 58 60 62 64 66 68 70 72]",7,33
40,Plate 6,P29 LIN3-0A-b2-s2-ss1-ss1,P29,LIN3-0A-b2-s2-ss1-ss1,P28-31,32.39405726389469,0.030869859612014886,[13.26 13.27 13.28 ... 71.97 71.98 71.99],"[20.71026923 20.71470115 20.71913402 ... 72.73832812 72.75389386
 72.76946294]",33.435956985081724,0.029907922194246588,"[ 4  6  8 10 12 14 16 18 20 22 24 26 28 30 32 34 36 38 40 42 44 46 48 50
 52 54 56 58 60 62 64 66 68 70 72]",6,29
29,Plate 5,P27 LIN3-0A-b2-s2-ss1-sss1,P27,LIN3-0A-b2-s2-ss1-sss1,P25-27,28.00951772246069,0.035702149887361506,[0.000e+00 1.000e-02 2.000e-02 ... 4.724e+01 4.725e+01 4.726e+01],"[28.34054809 28.34756235 28.35457834 ... 91.22550422 91.24808245
 91.27066626]",32.604920839398645,0.030670217079369046,"[ 4  6  8 10 12 14 16 18 20 22 24 26 28 30 32 34 36 38 40 42 44 46 48 50
 52 54 56 58 60 62]",5,27
7,Plate 2,P15 LIN4-0B-b2,P15,LIN4-0B-b2,P13-15,23.829835372623844,0.04196420094235391,[0.000e+00 1.000e-02 2.000e-02 ... 5.399e+01 5.400e+01 5.401e+01],"[18.99672898 19.00225543 19.00778349 ... 91.34958869 91.37616375
 91.40274654]",27.547663396025733,0.036300719433949115,"[ 4  6  8 10 12 14 16 18 20 22 24 26 28 30 32 34 36 38 40 42 44 46 48 50
 52 54 56 58 60 62 64 66 68 70]",2,15
1,Plate 1,P12 LIN4-0B-b2,P12,LIN4-0B-b2,P6-12,22.97028992931687,0.043534496215640046,[0.000e+00 1.000e-02 2.000e-02 ... 4.449e+01 4.450e+01 4.451e+01],"[22.22099469 22.22770107 22.23440947 ... 85.0772343  85.10291092
 85.1285953 ]",32.19487644477302,0.031060842917518146,[ 4  8 12 16 20 24 28 32 36 40 44 48 52 56 60 64 68 72],1,12
14,Plate 3,P20 LIN4-0B-b2A-s1,P20,LIN4-0B-b2A-s1,P19-21,28.49155210175251,0.03509812299549978,[0.000e+00 1.000e-02 2.000e-02 ... 3.474e+01 3.475e+01 3.476e+01],"[42.84721137 42.85763658 42.86806433 ... 99.76336344 99.78763699
 99.81191644]",31.151953838290588,0.0321007152614243,[ 4  6  8 10 12 14 16 18 20 22 24 26 28 30 32 42],3,20
0,Plate 1,P10 LIN5-0B-b3,P10,LIN5-0B-b3,P6-12,22.162322428755857,0.045121624920612516,[0.000e+00 1.000e-02 2.000e-02 ... 4.449e+01 4.450e+01 4.451e+01],"[22.03979514 22.04668936 22.05358575 ... 88.61628866 88.64400856
 88.67173713]",31.662631260870352,0.03158297210869618,[ 4  8 12 16 20 24 28 32 36 40 44 48 52 56 60 64 68 72],1,10
6,Plate 2,P13 LIN5-0B-b3,P13,LIN5-0B-b3,P13-15,22.75023799122385,0.043955584129966495,[0.000e+00 1.000e-02 2.000e-02 ... 5.074e+01 5.075e+01 5.076e+01],"[20.38147361 20.38768432 20.39389692 ... 95.63672339 95.66586613
 95.69501775]",29.249755306112046,0.03418832019394841,"[ 4  6  8 10 12 14 16 18 20 22 24 26 28 30 32 34 36 38 40 42 44 46 48 50
 52 54 56 58 60 62 64 66 68 70 72]",2,13
13,Plate 3,P18 LIN5-0B-b3-s1,P18,LIN5-0B-b3-s1,P16-18,26.038470168795623,0.0384047140065239,[0.000e+00 1.000e-02 2.000e-02 ... 3.524e+01 3.525e+01 3.526e+01],"[38.39447297 38.40469498 38.41491972 ... 98.10187876 98.12799707
 98.15412234]",25.556858209313113,0.03912844027266201,[ 4  6  8 10 12 14 16 18 20 22 24 26 28 30 32],3,18
5,Plate 2,P11 LIN6-0C-b1,P11,LIN6-0C-b1,P6-12,24.946011463434765,0.04008656860700056,[0.000e+00 1.000e-02 2.000e-02 ... 5.124e+01 5.125e+01 5.126e+01],"[21.49524913 21.50122261 21.50719775 ... 89.2624625  89.28726831
 89.31208102]",30.655565902781976,0.03262050366877261,"[ 4  6  8 10 12 14 16 18 20 22 24 26 28 30 32 34 36 38 40 42 44 46 48 50
 52 54 56 58 60 62 64 66 68 70 72]",2,11
12,Plate 3,P16 LIN6-0C-b1-s1,P16,LIN6-0C-b1-s1,P16-18,23.806710472099926,0.042004963313681726,[0.000e+00 1.000e-02 2.000e-02 ... 4.324e+01 4.325e+01 4.326e+01],"[25.71743816 25.72492704 25.73241811 ... 90.57052056 90.59689457
 90.62327626]",33.36777694300039,0.029969032750015775,"[ 4  6  8 10 12 14 16 18 20 22 24 26 28 30 32 34 36 38 40 42 44 46 48 50
 52 54 56 58 60 62 64 66 68]",3,16
21,Plate 4,P23 LIN6-0C-b1-s1,P23,LIN6-0C-b1-s1,P22-24,28.971471942355027,0.03451671361364431,[0.000e+00 1.000e-02 2.000e-02 ... 5.074e+01 5.075e+01 5.076e+01],"[17.8833569  17.88763604 17.8919162  ... 60.20968712 60.22409411
 60.23850455]",33.521472387588744,0.0298316251875096,"[ 4  6  8 10 12 14 16 18 20 22 24 26 28 30 32 34 36 38 40 42 44 46 48 50
 52 54 56 58 60 62 64 66 68 70 72]",4,23
25,Plate 5,P15 LIN6-0C-b1-s2,P15,LIN6-0C-b1-s2,P13-15,22.042216748746696,0.04536748782569064,[0.000e+00 1.000e-02 2.000e-02 ... 4.724e+01 4.725e+01 4.726e+01],"[20.5104534  20.5169042  20.52335703 ... 90.60053119 90.62902623
 90.65753022]",29.899351403605987,0.033445541560456586,"[ 4  6  8 10 12 14 16 18 20 22 24 26 28 30 32 34 36 38 40 42 44 46 48 50
 52 54 56 58 60 62 64 66 68 70 72]",5,15
36,Plate 6,P18 LIN6-0C-b1-s2,P18,LIN6-0C-b1-s2,P16-18,23.371762138602044,0.04278667539356593,[0.000e+00 1.000e-02 2.000e-02 ... 6.324e+01 6.325e+01 6.326e+01],"[11.25618443 11.25952322 11.26286301 ... 73.43904123 73.46082462
 73.48261446]",24.101536585571694,0.04149113051151464,"[ 4  6  8 10 12 14 16 18 20 22 24 26 28 30 32 34 36 38 40 42 44 46 48 50
 52 54 56 58 60 62 64 66 68 70 72]",6,18
47,Plate 7,P24 LIN6-0C-b1-s2,P24,LIN6-0C-b1-s2,P22-24,33.69092200721331,0.029681586030382234,[ 9.26  9.27  9.28 ... 71.97 71.98 71.99],"[12.78386973 12.78650012 12.78913105 ... 46.44930056 46.45885789
 46.46841718]",34.006541648454956,0.029406106929001224,"[ 4  6  8 10 12 14 16 18 20 22 24 26 28 30 32 34 36 38 40 42 44 46 48 50
 52 54 56 58 60 62 64 66 68 70 72]",7,24
20,Plate 4,P20 LIN7-0C-b3,P20,LIN7-0C-b3,P19-21,26.36129766876052,0.03793439960981325,[0.000e+00 1.000e-02 2.000e-02 ... 3.274e+01 3.275e+01 3.276e+01],"[40.310241   40.32084162 40.33144503 ... 95.34244691 95.36751967
 95.39259902]",24.514428198277688,0.040792303696084456,[ 4  6  8 10 12 14 16 18 20 22 24 26],4,20
11,Plate 3,P13 LIN7-0C-b3,P13,LIN7-0C-b3,P13-15,20.407846499058167,0.049000760567566526,[0.000e+00 1.000e-02 2.000e-02 ... 3.724e+01 3.725e+01 3.726e+01],"[26.15904457 26.16793093 26.17682031 ... 92.66973028 92.70121066
 92.73270173]",24.072095848599247,0.041541875135819965,[ 4  6  8 10 12 14 16 18 20 22 24 26 28 30 32 34 36 38 40 42 44 46 48],3,13
28,Plate 5,P23 LIN7-0C-b3-s1,P23,LIN7-0C-b3-s1,P22-24,37.476247063443274,0.026683568349496336,[0.000e+00 1.000e-02 2.000e-02 ... 6.324e+01 6.325e+01 6.326e+01],"[16.12704327 16.13002635 16.13300998 ... 51.94377344 51.95338166
 51.96299166]",38.61834969200467,0.02589442604293975,"[ 4  6  8 10 12 14 16 18 20 22 24 26 28 30 32 34 36 38 40 42 44 46 48 50
 52 54 56 58 60 62 64 66 68 70 72]",5,23
39,Plate 6,P25 LIN7-0C-b3-s1,P25,LIN7-0C-b3-s1,P25-27,58.74681103742067,0.017022200564436048,[10.01 10.02 10.03 ... 71.97 71.98 71.99],"[ 7.85199923  7.85292573  7.85385235 ... 16.31079932 16.31272392
 16.31464876]",59.04624257784219,0.016935878666312663,"[ 4  6  8 10 12 14 16 18 20 22 24 26 28 30 32 34 36 38 40 42 44 46 48 50
 52 54 56 58 60 62 64 66 68 70 72]",6,25
48,Plate 7,P24 LIN7-0C-b3-s2,P24,LIN7-0C-b3-s2,P22-24,33.64313958416975,0.029723741968200084,[0.000e+00 1.000e-02 2.000e-02 ... 6.324e+01 6.325e+01 6.326e+01],"[ 9.82880999  9.83083522  9.83286087 ... 36.17061435 36.17806733
 36.18552184]",34.4308929229225,0.029043684758295826,"[ 4  6  8 10 12 14 16 18 20 22 24 26 28 30 32 34 36 38 40 42 44 46 48 50
 52 54 56 58 60 62 64 66 68 70 72]",7,24
19,Plate 4,P16 LIN8-0B-b2B-s1,P16,LIN8-0B-b2B-s1,P16-18,32.474656827516746,0.030793243029828422,[0.000e+00 1.000e-02 2.000e-02 ... 2.674e+01 2.675e+01 2.676e+01],"[55.4367217  55.44855551 55.46039186 ... 98.10000864 98.12094959
 98.141895  ]",39.02091555089632,0.0256272818277589,[ 4  6  8 10 12 14 16 18 20 22 24 26 28 30 32 34],4,16
37,Plate 6,P22 LIN8-0B-b2B-s1-ss1,P22,LIN8-0B-b2B-s1-ss1,P22-24,27.408557123848727,0.03648495597493092,[0.000e+00 1.000e-02 2.000e-02 ... 6.324e+01 6.325e+01 6.326e+01],"[12.32359651 12.32671348 12.32983123 ... 60.99673279 61.01216048
 61.02759207]",28.089419266281084,0.035600593608583905,"[ 4  6  8 10 12 14 16 18 20 22 24 26 28 30 32 34 36 38 40 42 44 46 48 50
 52 54 56 58 60 62 64 66 68 70 72]",6,22
49,Plate 7,P25 LIN8-0B-b2B-s1-ss1,P25,LIN8-0B-b2B-s1-ss1,P25-27,38.682644181372254,0.025851386872915817,[0.000e+00 1.000e-02 2.000e-02 ... 5.724e+01 5.725e+01 5.726e+01],"[ 9.80972394  9.81148188  9.81324014 ... 27.35904414 27.36394699
 27.36885073]",41.80295859776524,0.023921751798052383,"[ 4  6  8 10 12 14 16 18 20 22 24 26 28 30 32 34 36 38 40 42 44 46 48 50
 52 54 56 58 60 62 64 66 68 70 72]",7,25
26,Plate 5,P19 LIN8-0B-b2B-s1-ss1,P19,LIN8-0B-b2B-s1-ss1,P19-21,23.77074083302324,0.04206852478954972,[0.000e+00 1.000e-02 2.000e-02 ... 6.074e+01 6.075e+01 6.076e+01],"[12.51227262 12.51592169 12.51957182 ... 73.542899   73.564347
 73.58580126]",25.3688861502337,0.03941836445155823,"[ 4  6  8 10 12 14 16 18 20 22 24 26 28 30 32 34 36 38 40 42 44 46 48 50
 52 54 56 58 60 62 64 66 68 70 72]",5,19
50,Plate 7,P25 LIN8-0B-b2B-s1-ss2,P25,LIN8-0B-b2B-s1-ss2,P25-27,47.19213555127272,0.021189971344134924,[ 9.26  9.27  9.28 ... 71.97 71.98 71.99],"[10.78294711 10.784531   10.78611512 ... 27.08651227 27.09049097
 27.09447025]",47.32191894434913,0.021131856490773468,"[ 4  6  8 10 12 14 16 18 20 22 24 26 28 30 32 34 36 38 40 42 44 46 48 50
 52 54 56 58 60 62 64 66 68 70 72]",7,25
38,Plate 6,P22 LIN8-0B-b2B-s1-ss2,P22,LIN8-0B-b2B-s1-ss2,P22-24,30.726017842960452,0.032545707846391395,[12.76 12.77 12.78 ... 71.97 71.98 71.99],"[17.38948094 17.39340427 17.39732848 ... 66.12731074 66.14223006
 66.15715275]",31.72443334823268,0.03152144560072051,"[ 4  6  8 10 12 14 16 18 20 22 24 26 28 30 32 34 36 38 40 42 44 46 48 50
 52 54 56 58 60 62 64 66 68 70 72]",6,22
27,Plate 5,P19 LIN8-0B-b2B-s1-ss2,P19,LIN8-0B-b2B-s1-ss2,P19-21,22.943202222632113,0.0435858948675246,[0.000e+00 1.000e-02 2.000e-02 ... 6.124e+01 6.125e+01 6.126e+01],"[ 9.64891765  9.65183316  9.65474956 ... 61.37449403 61.39303895
 61.41158947]",23.92401400475393,0.04179900579398133,"[ 4  6  8 10 12 14 16 18 20 22 24 26 28 30 32 34 36 38 40 42 44 46 48 50
 52 54 56 58 60 62 64 66 68 70 72]",5,19
18,Plate 4,P15 LIN9-0C-b2-s1,P15,LIN9-0C-b2-s1,P13-15,35.448156108346346,0.028210212033131614,[0.000e+00 1.000e-02 2.000e-02 ... 2.874e+01 2.875e+01 2.876e+01],"[55.9236114  55.93454768 55.9454861  ... 98.0976804  98.11686413
 98.13605161]",42.21941246814248,0.023685786739798202,[ 4  6  8 10 12 14 16 18 20 22 24 26 28 30 32 34 36],4,15
17,Plate 4,P11 LIN10-0C-b4,P11,LIN10-0C-b4,P6-12,27.872779549384827,0.035877297354869324,[0.000e+00 1.000e-02 2.000e-02 ... 2.674e+01 2.675e+01 2.676e+01],"[51.01631394 51.02900238 51.04169398 ... 99.19845118 99.22312316
 99.24780128]",31.873849106450667,0.03137368181232993,[ 4  6  8 10 12 14 16 18 20 22 24 26 28 30 32],4,11
46,Plate 7,P21 LIN11-0C-b5,P21,LIN11-0C-b5,P19-21,25.271210707189447,0.03957071988306078,[0.000e+00 1.000e-02 2.000e-02 ... 5.724e+01 5.725e+01 5.726e+01],"[16.45548892 16.460003   16.46451833 ... 79.09557021 79.11726778
 79.1389713 ]",27.945614549086272,0.035783789912492606,"[ 4  6  8 10 12 14 16 18 20 22 24 26 28 30 32 34 36 38 40 42 44 46 48 50
 52 54 56 58 60 62 64 66 68 70 72]",7,21
24,Plate 5,P11 LIN11-0C-b5,P11,LIN11-0C-b5,P6-12,21.306151872187815,0.04693480108462755,[0.000e+00 1.000e-02 2.000e-02 ... 4.074e+01 4.075e+01 4.076e+01],"[25.73678306 25.7451573  25.75353426 ... 96.86366112 96.89517863
 96.9267064 ]",27.098931379305558,0.03690182413479458,"[ 4  6  8 10 12 14 16 18 20 22 24 26 28 30 32 38 40 42 44 46 48 50 52 54
 56]",5,11
35,Plate 6,P14 LIN11-0C-b5,P14,LIN11-0C-b5,P13-15,20.312179579830616,0.049231545835335656,[0.000e+00 1.000e-02 2.000e-02 ... 6.074e+01 6.075e+01 6.076e+01],"[11.21811836 11.22194716 11.22577727 ... 89.14505698 89.17548266
 89.20591873]",21.747976270426413,0.045981289825105784,"[ 4  6  8 10 12 14 16 18 20 22 24 26 28 30 32 34 36 38 40 42 44 46 48 50
 52 54 56 58 60 62 64 66 68 70 72]",6,14
44,Plate 7,P13 LIN11-0C-b5-s1,P13,LIN11-0C-b5-s1,P13-15,19.106296216985488,0.052338767736208366,[0.000e+00 1.000e-02 2.000e-02 ... 4.674e+01 4.675e+01 4.676e+01],"[17.75184073 17.75828199 17.76472559 ... 96.75140639 96.78651268
 96.82163172]",23.237037942189914,0.043034744896825586,"[ 4  6  8 10 12 14 16 18 20 22 24 26 28 30 32 34 36 38 40 42 44 46 48 50
 52 54 56 58 60 62]",7,13
34,Plate 6,P13 LIN12-0C-b2-s2,P13,LIN12-0C-b2-s2,P13-15,19.343679827894313,0.05169647186560452,[0.000e+00 1.000e-02 2.000e-02 ... 5.124e+01 5.125e+01 5.126e+01],"[14.54470585 14.54991862 14.55513327 ... 91.22449996 91.25719454
 91.28990083]",23.983350020542627,0.04169559294858571,"[ 4  6  8 10 12 14 16 18 20 22 24 26 28 30 32 34 36 38 40 42 44 46 48 50
 52 54 56 58 60 62 64 66 68 70 72]",6,13
45,Plate 7,P20 LIN12-0C-b2-s2,P20,LIN12-0C-b2-s2,P19-21,22.946900790905524,0.04357886971805478,[0.000e+00 1.000e-02 2.000e-02 ... 5.199e+01 5.200e+01 5.201e+01],"[17.7249523  17.73030721 17.73566373 ... 85.23507186 85.26082234
 85.28658061]",27.383087983703255,0.03651889080570968,"[ 4  6  8 10 12 14 16 18 20 22 24 26 28 30 32 34 36 38 40 42 44 46 48 50
 52 54 56 58 60 62 64 66 68 70 72]",7,20
33,Plate 6,Doxo_P12 LIN11-0C-b5,Doxo_P12,Doxo_LIN11-0C-b5,Doxo,57.47627150421128,0.0173984841714503,[30.01 30.02 30.03 ... 71.97 71.98 71.99],"[15.07192114 15.07373888 15.07555684 ... 24.99957757 25.00259263
 25.00560805]",67.63661964246724,0.014784890275210124,"[18 20 22 24 26 28 30 32 34 36 38 40 42 44 46 48 50 52 54 56 58 60 62 64
 66 68 70 72]",6,12
43,Plate 7,Doxo_P19 LIN12-0C-b2-s2,Doxo_P19,Doxo_LIN12-0C-b2-s2,Doxo,119.78820235560565,0.008348067508613078,[0.000e+00 1.000e-02 2.000e-02 ... 2.074e+01 2.075e+01 2.076e+01],[6.25045241 6.2508141  6.25117581 ... 7.04744121 7.04784901 7.04825685],289.8944662422134,0.003449531179268794,"[ 6  8 10 12 14 16 18 20 22 24 26 28 30 32 34 36 38 40 42 44 46 48 50 52
 54 56 58 60 62 64 66 68 70 72]",7,19
23,Plate 5,Doxo_P17 LIN13-0C-b2-s3,Doxo_P17,Doxo_LIN13-0C-b2-s3,Doxo,319.8142097210365,0.0031268154122115694,[23.26 23.27 23.28 ... 71.97 71.98 71.99],"[15.71666629 15.71700692 15.71734757 ... 17.4666437  17.46702227
 17.46740084]",351.4614329596312,0.002845262399288231,"[18 20 22 24 26 28 30 32 34 36 38 40 42 44 46 48 50 52 54 56 58 60 62 64
 66 68 70 72]",5,17
